,drg0_prime_mean_kJ_mol,drg0_prime_std,adjusted_drg0_prime,driving_force_kJ_mol,driving_force_shadow_price,flux
NDPK5,1.4042465519029177,2.4051831110562962,-1.7554186032372705,-25.734078527176347,-1.335705653351342e-10,0.01060080228943937
SHK3Dr,-3.94507209140178,1.3111724612514963,-4.007218066024777,-15.065678430372472,-2.9323022816375894e-10,0.14910416675412214
NDPK6,-1.116819043431931,1.2768398971776587,-2.7656628059952197,-26.792307020368956,-1.267262330970645e-10,0.010266890946643615
NDPK8,2.470121880555603,1.468695227213398,0.6259429992023575,-24.22193903274835,-1.4474110324132419e-10,0.010266890946643615
DHORTS,-10.159995690685856,1.69271636881096,-8.264956041078698,-6.140544541089493,-0.07310515450638458,-0.12979577278510185
OMPDC,-20.217801086482,8.614866047121478,-30.843489294240776,-36.61152672452749,-8.588890945515588e-11,0.12979577278510185
G5SD,-5.246545077958815,1.6151493062298607,-5.5700172982482705,-21.432056300381564,-1.7114852858667387e-10,0.08673651219943072
CS,-41.7647413632181,0.4373194541395671,-41.676594967990866,-36.819162468090425,-8.530770881875354e-11,4.502536361286634
ICDHyr,5.370438197274959,3.186776651523545,-2.7795551396103804,-6.140544541099132,-0.007203835241542634,4.502536361286634
ACALD,-24.12217866234657,1.200287252088607,-24.119031498487075,-0.0,,0.0
PPA,-15.645520146360042,0.1909427924166485,-15.57781811174149,-43.69750847633539,-6.968397474128731e-11,1.2284845497866965
PPCK,11.24511860422278,3.1202021049407436,3.779672946185113,-11.436727848110602,-4.941495631400162e-10,1.9607759286366282
ME1,12.02202495252163,3.1183285669496845,4.240544332556773,-0.0,,0.0
ALATA_L,-0.2530758376144055,0.5312336431379002,-0.16150701166821513,-10.721463265242473,-5.713090000175303e-10,-0.22881716187242007
XYLK,-27.236620458122992,2.025821481498066,-26.867557038990153,-0.0,,0.0
RBK,-31.776414167874613,2.0417243106380543,-34.82540772943866,-0.0,,0.0
GLYK,-19.1413524829866,2.078842931300756,-19.13016060788849,-0.0,,0.0
ASPTA,2.848671533336056,0.5435878302628501,2.6044536303606804,-6.1405445413669755,-0.0006862030196457064,-1.1481625882711881
FBP,-10.583442091823857,0.6920454485715519,-10.783707418262296,-6.1405445410992625,-0.006017647893605474,0.34084173614947466
PYK,-22.78899668038584,0.4235342514480188,-22.932433842476563,-0.0,,0.0
GTHOr,-10.804371769086424,0.7839423603123944,-11.124275767950907,-0.0,,0.0
ILETA,-6.296940232668628,3.5184885757568574,-8.964920788895514,-14.505807739851605,-3.128556097964302e-10,-0.1139963907298564
DHORD5,-17.729929939256685,5.020368326411074,-15.728869942040262,0.0,,0.0
VALTA,1.3419631592724537,3.4657441762217793,-2.2682273060722213,-19.675266243939202,-1.9336341960819699e-10,-0.16603829804951484
IPPMIb,-0.3962300459374679,1.9071124388522913,2.1708767627766887,-7.66271789208869,-1.719335650950446e-09,-0.1767772164290413
ORPT,1.2108551867651682,1.3111724612514968,3.007567366319318,-18.68867626487174,-2.0856629970450781e-10,-0.12979577278510185
ACHBS,-15.050902596477629,4.9084195657957075,-30.044444232456147,-24.064136063778616,-1.4601541193257795e-10,0.1139963907298564
DHAD2,-36.928288805961145,1.4003928194704445,-37.69434144514652,-30.844398595518392,-1.059397739336098e-10,0.1139963907298564
ACLS,-23.710138174913144,3.725894435449142,-39.41386545924715,-20.749000971171945,-1.7915140520847257e-10,0.3430415226259713
TRPS2,-50.41493032159709,1.1219658203374536,-48.66226931037013,-47.59920955570184,-6.31260240229799e-11,0.02230378667278388
PSCVT,-15.8822649112314,2.2982377493227832,-22.084138860240902,-45.16163741267373,-6.706938809076833e-11,0.14910416675412214
PFL,-20.304440003005613,1.4892371754120148,-22.447490739171666,0.0,,0.0
ANS,-112.6948381329536,7.57875929989724,-90.30529594715465,-118.38399978785893,-2.3316431302123988e-11,0.02230378667278388
FRD2,-34.11618196023463,5.2613095561662035,-37.542072007214806,-0.0,,0.0
ANPRT,-65.80000819242568,3.624508680977635,-65.85605001960721,-72.86158431026637,-3.9224820839459034e-11,0.02230378667278388
CHORM,-48.72492478822781,4.638893640788395,-50.14952447888241,-45.85647692085884,-6.58960279610871e-11,0.12680038008133826
PTAr,9.38796214078124,0.6064527562024628,9.3681552009838,-10.974210314554144,-5.414378956571424e-10,-0.22779188532854308
CHORS,-47.04605201378517,3.83007178688998,-46.69460768624878,-63.12309268641312,-4.5928471093567846e-11,0.14910416675412214
IGPS,-69.86559323790038,6.010880862433656,-73.01488182074785,-72.28606957680122,-3.956610875893744e-11,0.02230378667278388
ACKr,14.689587668969322,0.5495866609458808,14.751943650417632,-10.44712026359718,-6.077059220654574e-10,0.22779188532854308
LEUTAi,0.0378851604100653,1.5770213931779395,0.21738273602489322,-23.353540259881914,-1.5204309101939354e-10,0.1767772164290413
ENO,-3.894828445649712,0.30491038787315633,-3.517078759087299,-6.140544541089458,-0.09259673867449413,-1.6363961655579058
FBA,24.8482998500812,0.5290407445154958,25.39190460062631,-6.140544541099054,-0.005941822553593054,-0.34084173614947466
HCO3E,-11.271494293581018,3.09608666382253,-2.9562431424551505,-8.993107774268278,-9.1745728620006e-10,1.3681046142297544
IMPC,19.601761381729027,5.443840609638234,20.04331255249194,-11.658666683258422,-4.742751396890504e-10,-0.21248689609589405
IMPD,13.621260142547593,3.981784993950954,-1.0597567081504486,-19.22179077038254,-2.0006638323351965e-10,0.09517414970293239
PPS,-10.10998356341738,0.49798702929259925,-9.897995546336492,-0.0,,0.0
PGI,2.416048750882083,0.3826657823618915,2.312606778797707,0.0,,0.0
PGK,19.543984097843225,0.44127734067909075,19.209231491860308,-6.140544541089709,-0.06962256873891405,0.9412602384011769
PGL,-28.028150075730945,1.6588836067672512,-27.856708511247504,-0.0,,0.0
RPE,-3.390614099653265,1.1537200194917536,-1.4919882881746371,-6.140544541091628,-0.02629631705735987,-0.3037669829672358
DHQTi,-5.29022208506048,2.0731456914217943,-7.0096976328991065,-13.01776558321421,-3.805487860035485e-10,0.14910416675412214
IPMD,12.727272581854775,0.9862312728831625,11.233105019822233,-7.905292135261944,-1.4829932819122238e-09,0.1767772164290413
AIRC3,-30.403133552927944,6.027288685196741,-17.610441837729862,-6.140544541088421,-0.07622432712058343,-0.17531404909967288
TALA,-1.22089935842082,1.413281168711095,-1.5626293633469572,-6.140544541108298,-0.0038731332353118615,-0.07733140810655684
ADSL2r,24.94399731095891,2.931870753584037,23.143432365647932,-6.140544541093453,-0.01502100862190401,0.17531404909967288
TKT1,-1.4790398321905602,2.3695192108329284,-2.2747351039802144,-6.140544541107885,-0.003877420954027617,-0.07733140810655684
RNDR1,-44.05985206166142,3.7376646440123507,-50.20390149390415,-34.38600085411929,-9.265635884441047e-11,0.010266890946643615
ALCD2x,15.1675782723426,0.3233520540517112,15.145065001007126,-0.0,,0.0
RNDR3,-40.58892126572215,2.943661042715291,-42.94616067627989,-38.687647444675434,-8.041023467943282e-11,0.01060080228943937
RNDR4,-44.77765087473715,2.41206326929862,-44.58246937750194,-40.10629072636546,-7.705176405425138e-11,0.010266890946643615
TMDS,-45.29303434274883,2.941525033941928,-45.92853860966805,-54.832888287273086,-5.3748093562573444e-11,0.010266890946643615
DHAD1,-36.93208668299586,1.4003928194704445,-37.698139322181234,-31.119755386043323,-1.0477201695580148e-10,0.3430415226259713
IPPMIa,-3.6899432044935088,1.9030338036478531,-7.004365303631081,-7.595886045624392,-1.798282593213747e-09,-0.1767772164290413
MDH,23.56590302868453,0.3048878319058892,23.39330523012993,-6.140544541093561,-0.014837910161332091,7.61147487819445
FUM,-3.4245366324884285,0.27824312126906164,-3.3838452741616303,-6.140544541093952,-0.015321406662920135,14.491008376267416
KARA1,13.037042450146856,1.0110966471913134,11.62928184996191,-22.12348928997103,-1.6374479184056964e-10,-0.3430415226259713
KARA2,-13.036798417898837,1.0110966471913134,-11.629037817713852,-22.192145345383317,-1.6304421662098526e-10,0.1139963907298564
ACCOAC,-11.766443833325402,1.4948897800518903,-10.04155236885115,-28.31403425795773,-1.180292848750443e-10,0.9469333306431676
KAS14,12.118530018222684,3.198489611869459,3.2286073602574343,-0.0,,0.0
ARGSS,10.457588719715206,4.514448690304906,8.86791654187562,-26.140513971300056,-1.3085621102782275e-10,0.11606146170181182
AGPR,2.709816348528677,1.6151493062298605,3.0332885688181985,-15.940866963018383,-2.6704431992471597e-10,-0.11606146170181182
ICL,8.908189443721632,1.3512250300488837,9.362927308684451,-0.0,,0.0
GLYCL,19.14678069839955,4.066891938591214,13.792559034684427,-6.140544541098531,-0.00753797617442342,0.02144919336536588
XYLI1,3.6677142494769672,0.5844606793432598,3.700871907710435,0.0,,0.0
PPC,-43.54025268089428,3.111905155070555,-35.93367207592032,-0.0,,0.0
G3PT,-13.153781593684872,2.080885819035162,-13.023838523099814,-0.0,,0.0
SADT2,16.1094509536888,1.7851184624010197,13.430867074409704,-22.079613492506553,-1.6419499531337453e-10,0.09646231766814796
GHMT2r,-9.957203408221565,2.505303797996174,-4.387906535259323,-6.1405445410983575,-0.0075561576451020135,0.43714723450699594
DHORD2,-125.47329094192456,6.326652864064789,-125.29668527231294,-99.17415737108695,-2.8130935168274865e-11,0.12979577278510185
SDPDS,8.202807774280949,3.740924516468003,12.6081687426753,-9.430426859071645,-7.955055004051833e-10,0.1455512088116832
UMPK,0.6286235339385082,3.1922841504635695,1.5293323899184061,-20.194875641094022,-1.8621426039036625e-10,0.14833314937622127
CTPS2,-25.32586820693869,2.6309324725198056,-21.77270432947179,-81.8348809512648,-3.4574852714819086e-11,0.06298603795803585
NDPK7,3.826286680399003,2.4051831110564037,1.7636182516819865,-23.55778378951564,-1.5026027867271701e-10,0.01060080228943937
TRPS3,19.166513454819093,2.9318707535840245,16.315573515583793,-12.953401872613393,-3.841442314458558e-10,0.02230378667278388
ADK1,0.6038461671316752,0.15979053472263874,0.6764302578124983,-20.844313884846102,-1.7798944234850215e-10,0.886194818151077
NDPK2,-0.587918266864579,1.2628586546322247,-1.3027072574609484,-24.902799175228335,-1.394884672053059e-10,0.15660363502069707
NDPK4,0.8343423475710136,2.6171935835279214,-3.945132909553667,-26.341813470496287,-1.295522290683643e-10,0.010266890946643615
ACODA,-7.001151736473133,3.4970619113237573,-7.7745806137787365,-13.406246791567396,-3.6020141780585894e-10,0.11606146170181182
ADSS,-7.201337183171485,2.132881548959369,-10.947741985663134,-24.668317875817383,-1.4125383005409493e-10,0.11731274639296164
ASNS2,-31.93719233992353,3.563898932730688,-30.69097969348578,-55.38946351555217,-5.314066519030396e-11,0.09458401731801484
ASPCT,-22.925011990612784,2.9318707535840582,-17.931115994115213,-26.790887798741082,-1.2673496462582664e-10,0.12979577278510185
MCOATA,9.337677216374436,1.59701121075709,6.541902030548849,-7.538893818982129,-1.8715771527365833e-09,0.9469333306431676
DAPE,-1.6526074298638112,2.931870753584056,-0.31217581369520797,-10.018458179674072,-6.748776254429342e-10,0.1455512088116832
DHDPRy,-18.51619950121769,3.9391747710777167,-15.482061622617344,-19.943704334400927,-1.896031234210032e-10,0.1455512088116832
HSK,-41.84905070105419,4.491288355819967,-34.21157117664427,-59.83750990124993,-4.8738707220949546e-11,0.213536892280769
SDPTA,-1.1727043932019643,2.9318707535840467,-0.664797533673795,-9.933116324381238,-6.900629066961016e-10,-0.1455512088116832
THRS,-29.691230538026925,2.8092824173653956,-29.81286127069691,-47.65117834201206,-6.304699429764948e-11,0.213536892280769
HSST,-29.196241305137136,5.452876154145601,-26.758285353097392,-48.60186033675681,-6.163542360830522e-11,0.06030258358273601
PPNDH,-61.78177160255919,11.317291926000584,-43.62578872998719,-53.12038957160398,-5.570733373361422e-11,0.07269340178972443
DTMPK,-2.326793088855694,2.931870753584062,-2.326194248721599,-25.912114083460047,-1.3236782022674286e-10,0.010266890946643615
NDPK1,-2.1632799430633853,1.332575434711222,1.3789184207209289,-16.691961816872112,-2.480340506947234e-10,0.2983484114746026
TRDR,-3.8606555887032,1.4734461038033018,-3.868330215146159,-14.793399086331977,-3.0245661208258167e-10,0.13819770414031393
DDPA,-74.23897251962109,2.3508607107719306,-76.98980538388557,-89.46865113698694,-3.1407420564217034e-11,0.14910416675412214
MALS,-40.97608976438679,2.0817586174389335,-40.492410965713674,-0.0,,0.0
NADTRHD,-0.313020936045943,0.33576292404529984,-0.3994278979082028,-0.0,,0.0
G3PD2,20.036644655571468,0.8053510709883477,19.964322508262313,-20.47487214208642,-1.825766850003799e-10,-0.05455114708132571
GMPS2,-1.6143098946486134e-07,67656.96475850974,-0.002212167136370624,-53.09106643114077,-5.5742092161344266e-11,0.09517414970293239
P5CR,-9.474892918314794,6.029368087295345,-7.596218000009461,-20.235627986390877,-1.8567585409628798e-10,0.08673651219943072
AKGDH,-28.90329547062029,3.884974299684982,-34.68340072812554,-23.46544149335611,-1.510608143824827e-10,4.08232011907297
ATPPRT,-38.55768860311099,5.077037769398501,-53.84425327286238,-73.25115776372259,-3.899712361192593e-11,0.03717284699622116
HISTD,-23.371544504808615,2.2415883556743212,-28.154696770386867,-72.64373965869319,-3.9353307895020436e-11,0.03717284699622116
DHDPS,-130.59541464377398,6.217347477050016,-128.91666835387807,-101.02449173271194,-2.758237906171122e-11,0.1455512088116832
IGPDH,-42.02433251451435,1.947905958690577,-40.86977240269306,-36.73868637529269,-8.55320068613379e-11,0.03717284699622116
PRPPS,-3.834019867379797,2.024275520555874,-1.5056164583585918,-17.232627131600832,-2.3594441018529416e-10,0.3654802863867865
PRATPP,-56.86468553301194,2.5552196465729087,-53.364332444821144,-65.57368417867339,-4.4034708654983276e-11,0.03717284699622116
GLUN,-14.448119756944626,0.8598395736154263,-13.52152729923291,-0.0,,0.0
PRMICI,-9.77860710150586,1.3482617167971542,-9.820536767375794,-9.343839413397385,-8.170075888856571e-10,0.03717284699622116
GLUPRT,-70.0879690388357,2.72337521655249,-67.47801161348852,-89.35896508032857,-3.144882012005099e-11,0.17531404909967288
SERAT,-6.19970017924708,2.9318707535840414,-6.167436710051949,-28.96651115658939,-1.1465544463233535e-10,0.09646231766814796
CYSS,-50.852271424810255,5.237531617134726,-51.293291746693235,-53.630389593900794,-5.510906152303806e-11,0.09646231766814796
BPNT,-7.080044146709059,3.1260416564365787,-1.5385193201987732,-31.169081049181372,-1.0456540875579732e-10,0.09646231766814796
PAPSR,-51.47528106964789,6.272417262701619,-50.913774660400314,-66.76885648557835,-4.316663518436193e-11,0.09646231766814796
ASPK,20.92345105459024,2.9318707535841035,16.549018659757763,-6.140544541366658,-0.0006418388824313563,0.4193906846751882
ASAD,-28.080321224836517,1.6927163688108917,-28.055925111925003,-6.140544541366593,-0.000644847800392094,-0.4193906846751882
DAPDC,-11.824331792401557,3.733838386328786,-23.513071412193202,-27.2767850768969,-1.2382146524771506e-10,0.1346478851999224
OCBT,-31.78746484671326,2.9318707535840383,-33.166812130917634,-47.004522014808906,-6.40446818295014e-11,0.11606146170181182
GARFT,-0.6955807698357787,5.595464134286743,4.660056352553601,-6.615917923794853,-5.5051191943006464e-09,0.17531404909967288
PHETA1,-0.4072137719835521,2.07314569142181,1.073943109108491,-20.9297539664243,-1.7696155892539798e-10,-0.07269340178972443
PPND,-10.957663451905455,11.28822052398204,4.474300086831656,-26.482886611344227,-1.2865380362333702e-10,0.054106978291613844
PRAMPC,-44.41041762180828,59929.53645543112,12.931272728979504,-8.595901431763684,-1.065879806401884e-09,0.03717284699622116
GLYCK2,-13.09071836666254,0.7073330661728003,-11.947314631427062,-0.0,,0.0
ACOTA,-3.76788502774095,3.371282446943058,-10.4256564946986,-11.845801036745035,-4.587207850725151e-10,-0.11606146170181182
SULR,-99.3233367039054,4.694120658044252,-101.6619519479968,-106.19927151076917,-2.615582625430016e-11,0.09646231766814796
PRAGSr,-27.88756718402952,2.3158934766187227,-26.218474183603124,-49.15136957002542,-6.084793516543215e-11,0.17531404909967288
PRFGS,11.249863552814007,48207.299067169064,64.23067688835938,-6.821925019629491,-3.840772470675643e-09,0.17531404909967288
PSERT,-11.06679923779108,0.37616354074759,-11.098887513455892,-14.394464614726415,-3.170758816840071e-10,0.6951359271567288
AIRC2,-59.120577378772495,5.984946507606801,-44.582637907818345,-64.05330316245401,-4.519072885097822e-11,0.17531404909967288
GAPD,-1.8293512028185996,0.405626339133743,-1.766508118117395,-6.14054454108978,-0.06961667758501719,-0.9412602384011769
GND,10.39617020138882,3.176340259903543,2.3655277974342845,0.0,,0.0
G6PDH2r,-9.361772644464764,1.3215711000419956,-10.204811215328307,-0.0,,0.0
ME2,12.335045888567802,3.137103713307992,4.639972231756784,-7.157993446646825,-2.5721718366957006e-09,6.879533498072966
ARGSL,-8.66875353522916,4.887377162098045,-5.735409580264941,-18.0244720093396,-2.202234706194512e-10,0.11606146170181182
CBPS,-22.55555221892623,2.6451517260838604,-19.042724601508095,-89.35162014893706,-3.145159058823122e-11,0.24585723448691366
GLU5K,29.490267285826825,2.301329657863792,31.52191686971329,-6.140544541098953,-0.00672153244832988,0.08673651219943072
IPPS,-28.792421207804004,1.3471437168918416,-28.21452794961625,-39.90299851630324,-7.751574446045586e-11,0.1767772164290413
ACOATA,8.549271846991244,1.4915716358035431,6.29903708497191,-0.0,,0.0
ACtex,0.0965784367579374,0.0,0.0965784367579374,0.0,,0.0
ACALDtex,-1.2610026914217087e-05,0.0,-1.2610026914217087e-05,-0.0,,0.0
PSP_L,-10.483161829173165,0.2767919181055284,-10.476832025171635,-15.836061740209066,-2.699308093985452e-10,0.6951359271567288
ADSK,-19.14058578613192,5.948700718733848,-23.627224720867847,-51.13226366661726,-5.8168907174935555e-11,0.09646231766814796
SUCCt2_2pp,-10.53624563349993,0.0,-10.53624563349993,-0.0,,0.0
HSDy,-16.73427555195978,1.6964123937929358,-18.11054741207792,-17.63627821607526,-2.2766028631074062e-10,0.273839475863505
CYSTL,0.7145040846975489,2.713645647767074,-2.743750236014235,-36.94391306037605,-8.49621456234598e-11,0.06030258358273601
SHSL1,-67.24290961703976,5.574564822040363,-65.35548809351221,-82.54709367567207,-3.4252574167059423e-11,0.06030258358273601
SULabcpp,-15.892620863101072,0.3042778552991028,-15.751485917417904,-0.0,,0.0
GLUtex,0.0956230169288687,0.0,0.0956230169288687,0.0,,0.0
AKGt2rpp,2.9186076582930696,0.0,2.9186076582930696,-0.0,,0.0
XYLt2pp,-13.48641958512627,0.0,-13.48641958512627,-0.0,,0.0
GLYCtex,-2.5285233164140664e-05,0.0,-2.5285233164140664e-05,-0.0,,0.0
Htex,-0.1558340809305249,0.0,-0.1558340809305249,-6.140544541089163,-0.13944420233447746,16.395659340671415
PYRt2rpp,-5.282781047833595,0.0,-5.282781047833595,-0.0,,0.0
THD2pp,-13.170270938291113,0.33576292404529984,-13.08386397644378,-6.140544541091391,-0.02426920652819131,-5.210042789741486
TKT2,-10.590295310922627,1.921333284329632,-9.97790900846089,-6.140544541091932,-0.022654260423230706,-0.22643557486067897
ATPS4rpp,-21.63803342067684,0.3042778552991028,-21.77916836633737,-6.140544541090573,-0.041087132008090325,42.886825643908765
GK1,-0.0903963362385293,1.1969312230116889,-0.1395199372593403,-25.214146412317763,-1.372115848542995e-10,0.09517414970293239
GLCNtex,0.0964576683234099,0.0,0.0964576683234099,0.0,,0.0
GLNtex,-0.0005718147948527,0.0,-0.0005718147948527,-0.0,,0.0
O2tex,0.0,0.0,-0.0,-23.7509863788202,-1.4861090559086149e-10,13.081296507294983
D_LACtex,0.0964885505821655,0.0,0.0964885505821655,0.0,,0.0
GLCtex_copy1,-4.866104734446708e-05,0.0,-4.866104734446708e-05,-0.0,,0.0
FUMt2_2pp,-10.563500045881623,0.0,-10.563500045881623,-22.23643464001931,-1.625950096939092e-10,10.0
PItex,0.2013162532615382,0.0,0.2013162532615382,-13.204735695084143,-3.704733060935493e-10,0.37806650747124215
CYTBDpp,-133.13970333001333,12.807069168615158,-133.13970340167504,-0.0,,0.0
CYTBD2pp,-348.62642533534904,10.233829555523304,-352.2753340621611,-0.0,,0.0
ACt2rpp,-5.279041529494435,0.0,-5.279041529494435,0.0,,0.0
METS,0.1734286555275674,5.078043750050318,-6.972336282111778,-21.79139745111293,-1.6721899275306968e-10,0.06030258358273601
FRUtex,-3.9444440119496e-05,0.0,-3.9444440119496e-05,-0.0,,0.0
FUMtex,0.1929947932815139,0.0,0.1929947932815139,-15.188923944629535,-2.8923438816769253e-10,10.0
PRASCSi,-83.4229913052074,5.2107880976856435,-64.40853894349647,-79.10473149156113,-3.5868534182897177e-11,0.17531404909967288
MTHFC,-5.150906649697693,0.9155240220012852,-4.6705262241429395,-6.140544541093459,-0.015054186576327093,0.38780094519556696
MTHFD,3.790336213144419,1.1400859908807528,1.402772859483985,-6.140544541091582,-0.025429400925193586,0.38780094519556696
XYLtex,-3.2608912988507655e-05,0.0,-3.2608912988507655e-05,-0.0,,0.0
FORtppi,-8.203085505435638,0.0,-8.203085505435638,-17.626067956247,-2.2786152797093926e-10,0.0005249980924332782
PYRtex,0.0964785299923676,0.0,0.0964785299923676,0.0,,0.0
SO4tex,0.1929708448022602,0.0,0.1929708448022602,-11.544394804774441,-4.843021209898039e-10,0.09816444152836885
SUCCtex,0.1937278930494415,0.0,0.1937278930494415,0.0,,0.0
GRXR,-23.35816464169747,100000.00014089956,-38.37273641490557,-0.0,,0.0
RNDR1b,-13.757971239580954,100000.00018692225,-4.5752195272264,0.0,,0.0
RNDR2b,-9.600193314748893,100000.00016706038,5.427870817014184,0.0,,0.0
MALt2_2pp,-10.556691653860014,0.0,-10.556691653860014,-0.0,,0.0
NH4tex,-0.0979154621233817,0.0,-0.0979154621233817,-23.848901840943583,-1.4778919135717102e-10,4.233844762176594
RIBabcpp,-32.301085322020924,0.3042778552991028,-32.15995037633776,-0.0,,0.0
GLYCAt2rpp,-5.283161514993793,0.0,-5.283161514993793,-0.0,,0.0
GLYCAtex,0.0964780030002998,0.0,0.0964780030002998,0.0,,0.0
GLNabcpp,-32.453816793604915,0.3042778552991028,-32.31268184792175,-0.0,,0.0
CO2tex,0.0,0.0,-0.0,-23.7509863788202,-1.4861079120792479e-10,-23.91639582724374
GLUt2rpp,-5.534822346846056,0.0,-5.534822346846056,0.0,,0.0
ACGK,25.715717685648983,3.080175450758009,25.92300823424658,-9.903621111603943,-6.95472951059328e-10,0.11606146170181182
GNK,-14.418661193906592,3.206739218403203,-16.339512512336235,-0.0,,0.0
GLUDy,31.30429804519228,0.37462137509084287,31.362953017296817,-6.1405445410983965,-0.0074565356628884215,-3.374729722313467
GLCNt2rpp,-5.285129317189046,0.0,-5.285129317189046,-0.0,,0.0
GLCptspp,-45.699799319943246,0.603560526334285,-46.00955134545725,-0.0,,0.0
HSTPT,9.726947287600938,2.931870753584051,9.727471304523231,-14.604910953604605,-3.091926038938827e-10,0.03717284699622116
THDPS,26.480196009652367,5.19893876668656,23.125610624941764,-9.849833564407975,-7.055580305387799e-10,0.1455512088116832
ATPM,-32.295134076671495,0.3042778552991028,-32.153999131012085,-78.76887716350528,-3.603442391311615e-11,6.86
THRD_L,-23.69998304729297,4.155707806738213,-25.555518997842853,-41.387143943260675,-7.425171944822177e-11,0.1139963907298564
ETOHtex,-1.891504038553649e-05,0.0,-1.891504038553649e-05,-0.0,,0.0
RNDR2,-39.90207413682997,3.0388112245542542,-40.20081115064537,-33.588016105614884,-9.53501482293428e-11,0.01060080228943937
DHFR,-16.27441313200575,2.393580771885134,-23.42545503977422,-35.29185470384599,-8.977710062080833e-11,0.010266890946643653
PRAIi,-9.784245334924696,1.3482617167971542,-9.826175000794628,-17.311003177209525,-2.342894020842191e-10,0.02230378667278388
TYRTA,-0.0395041723156083,2.0731456914217934,0.3315973124910627,-19.24336380197315,-1.997371298138095e-10,-0.054106978291613844
SHKK,-28.03768502695164,2.839955125935623,-30.501595369351985,-54.68023374139658,-5.3917128886174464e-11,0.14910416675412214
GLUSy,-45.7524178021369,0.9436721036761713,-44.88448031654012,-0.0,,0.0
IG3PS,-44.41041669329849,59929.53647265608,-44.43559108686267,-65.13562467425506,-4.4361678600015505e-11,0.03717284699622116
PDH,-34.42528130971617,3.2226667059154863,-44.973154187322244,-46.97551358650199,-6.409013841145385e-11,5.787692061662584
MTHFR2,-37.569138402504784,4.1827381217592166,-34.910217907925514,-21.360149481424052,-1.7195727191714258e-10,0.06030258358273601
DUTPDP,-48.326632386807326,2.5552196465729082,-44.826279298616384,-65.95664275753543,-4.375278488566242e-11,0.010266890946643615
NTP5,-32.59931843841976,2.3157017774368485,-28.77504366151685,-0.0,,0.0
FORt2pp,-5.280206368901467,0.0,-5.280206368901467,-0.0,,0.0
GLNS,-17.847014319726842,0.8271014678754464,-18.632471831623523,-39.5864416064451,-7.824928736760291e-11,0.9544543795488016
ACGS,-27.832736372825867,3.384861906453407,-27.912667753202253,-41.79228404641318,-7.340794582590004e-11,0.11606146170181182
SUCOAS,-1.669855608202678,1.3334281242437631,1.8457106140046697,-6.140544541090718,-0.035881412644949914,-3.8764663266785506
PRAIS,11.249864333663378,48207.29953817926,-45.177519468728775,-85.82035457840249,-3.2845451367201745e-11,0.17531404909967288
HISTP,-23.00616131377801,2.1802104300092178,-18.658720758263655,-33.65704105708929,-9.511095969884187e-11,0.03717284699622116
LDH_D,17.681782395873885,2.0731456914217974,17.681782395873892,-0.0,,0.0
KAS15,20.667801865213985,3.3112817767183604,9.527644447099515,-15.489444999589734,-2.7993896576123406e-10,0.13963850608008604
T2DECAI,-1.3387607395998202e-06,0.0,-1.3387607395998202e-06,-8.841975729611159,-9.687879161034451e-10,0.05902422499891866
3OAS161,12.114701851345757,3.198489611869459,3.224779194872786,-16.24924692092133,-2.58897513442489e-10,0.05902422499891866
DHQS,-151.0065016876821,6.264636668205325,-163.0010495389747,-172.63936112427373,-1.5718556211745382e-11,0.14910416675412214
EAR161x,-53.3083596022022,1.4001991248858519,-50.61793633651547,-28.258137938268924,-1.1832748738953765e-10,0.05902422499891866
EAR161y,-53.62138053824814,1.417822942288588,-51.017364233972245,-0.0,,0.0
PGCD,27.6380814385895,0.5640702980313602,26.95055293199221,-6.140544541091626,-0.02278458885507297,0.6951359271567288
MALtex,0.1931851673308529,0.0,0.1931851673308529,0.0,,0.0
3OAS141,12.12316918670646,3.198489611869459,3.2332465302334246,-16.152348448982508,-2.6140345254241717e-10,0.05902422499891866
3OAR121,-13.036748836689211,1.0110966471913134,-11.62898823650438,-13.2306545964954,-3.69122568471207e-10,0.05902422499891866
ADSL1r,17.020170977781344,1.376970906760912,16.8955021440757,-8.261120913791538,-1.2341457632210484e-09,0.11731274639296164
AICART,15.17040675307394,3.7494189767772603,-7.610028735507573,-6.140544541093649,-0.015013822647287246,0.21248689609589405
D_LACt2pp,-5.282731506024106,0.0,-5.282731506024106,-0.0,,0.0
RIBtex,-4.211885732274823e-05,0.0,-4.211885732274823e-05,-0.0,,0.0
FRUpts2pp,-43.16564627555245,0.7242396459003879,-43.71134714312906,-0.0,,0.0
FORtex,0.0965386480054277,0.0,0.0965386480054277,-14.424542576014266,-3.159212554905795e-10,-0.0005249980924332782
PFK,-21.71169198484767,0.6745708486005005,-21.370291712692666,-0.0,,0.0
PGM,-4.268543481886387,0.36085049213992004,-5.031990047767717,-6.140544541089468,-0.09240341950744904,1.6363961655579058
CYTBO3_4pp,-79.20653583266511,12.807069168615147,-79.20653590432613,-28.032762628852296,-1.1954571146168892e-10,13.081296507294983
EAR141x,-53.30908206982253,1.4001991248858514,-50.61865880413592,-24.024440009762117,-1.463395325411949e-10,0.05902422499891866
EAR141y,-53.6221030058687,1.417822942288588,-51.01808670159281,-0.0,,0.0
EAR181x,-53.30835960220197,1.4001991248858514,-50.61793633606382,-0.0,,0.0
EAR181y,-53.621380538247685,1.4178229422885877,-51.01736423397179,-0.0,,0.0
TPI,5.663862916888344,0.5486662102369438,6.140544541084328,-6.140544541091814,-0.033876268564750706,-0.3962867140638071
RPI,4.488156758194553,1.6668851933515165,6.140544541103033,-6.140544541099789,-0.006559401257603271,-0.28814887828022967
3OAR120,-13.01882044472407,1.0110966471913132,-11.611059844539195,-16.28904517416964,-2.578825326090065e-10,0.08061428108116739
3HAD80,-0.4346375044872603,1.4927180897403898,-3.1442611377500516,-11.86956750786103,-4.56818099648207e-10,0.13963850608008604
3HAD120,-0.4346375044874592,1.4927180897403896,-3.144261137750221,-11.906334895842159,-4.5390486799645837e-10,0.08061428108116739
EAR180x,-53.30835960220106,1.4001991248858514,-50.61793633606291,-0.0,,0.0
AKGtex,0.192971832660362,0.0,0.192971832660362,0.0,,0.0
SO4t2pp,2.919221339233316,0.0,2.919221339233316,-11.146962683760167,-5.227513680049865e-10,0.09816444152836885
EAR180y,-53.62138053824723,1.4178229422885877,-51.017364233971335,-0.0,,0.0
ACONTb,-1.368810859491621,1.1348672840424177,-1.0840437829029532,-6.14054454109895,-0.007370443956204814,4.502536361286634
3HAD161,-0.4346375044870329,1.4927180897403898,-3.144261137749778,-11.996124948893705,-4.469427724972854e-10,0.05902422499891866
SUCDi,-73.627179042433,6.51949511659862,-72.02574332329675,-49.8756853865515,-5.984019921115459e-11,4.083213949905977
ASNS1,-46.38531209686832,3.647855517190506,-44.21250699250958,-0.0,,0.0
EAR80y,-53.62138053824791,1.417822942288588,-51.01736423397202,-0.0,,0.0
EAR120y,-53.62138053824814,1.417822942288588,-51.017364233972245,-0.0,,0.0
3OAR181,-13.018820444725208,1.0110966471913132,-11.611059844304098,-0.0,,0.0
3HAD121,-0.4345712491837945,1.4927180897403898,-3.1441948824465573,-11.343847779892787,-5.029725912521332e-10,0.05902422499891866
EAR140x,-53.30835960220265,1.4001991248858519,-50.61793633651598,-24.040214221755836,-1.4621057163313899e-10,0.05007806916373275
3OAS181,12.113327404497424,3.198489611869459,3.223404746532174,-0.0,,0.0
3OAS140,12.113327404497538,3.198489611869459,3.2234047480244996,-16.219790899929905,-2.596543783235486e-10,0.08061428108116739
3OAR140,-13.01882044472498,1.0110966471913134,-11.611059844540108,-16.125712361689104,-2.621007749773191e-10,0.08061428108116739
EAR160y,-53.621380538246775,1.417822942288588,-51.01736423397088,-0.0,,0.0
3OAR160,-13.018820444723616,1.0110966471913134,-11.611059844538811,-16.21086683722233,-2.598841047001306e-10,0.05007806916373275
3HAD181,-0.4346375044870045,1.4927180897403898,-3.144261138204631,-0.0,,0.0
EAR100y,-53.621380538247,1.417822942288588,-51.01736423397111,-0.0,,0.0
3OAR141,-13.0305088642979,1.0110966471913134,-11.622748264113074,-16.124410351983112,-2.6213493266172333e-10,0.05902422499891866
3OAR161,-13.01882044472498,1.0110966471913134,-11.611059844540105,-16.222095330271657,-2.59594649197551e-10,0.05902422499891866
3HAD141,-0.434109187520339,1.4927180897403898,-3.143732820783093,-11.885497550741492,-4.5555079670742286e-10,0.05902422499891866
EAR121x,-53.30833106871177,1.4001991248858519,-50.617907803025204,-23.56540498271755,-1.5019467786358008e-10,0.05902422499891866
EAR121y,-53.62135200475772,1.417822942288588,-51.01733570048182,-0.0,,0.0
ACONTa,9.240938485578525,1.134054169209417,9.02629843097031,-6.1405445410988655,-0.007372658877179162,4.502536361286634
3HAD40,-0.4347763074842747,1.4927180897403898,-3.1443999407470153,-11.921202577225868,-4.527387419262034e-10,0.13963850608008604
3OAS60,12.11269968641872,3.198489611869459,3.2227770299456795,-16.22502873746596,-2.5951977695265815e-10,0.13963850608008604
3OAS160,12.113327404496172,3.198489611869459,3.2234047480231762,-16.24791256965756,-2.5893170049964126e-10,0.05007806916373275
3OAR60,-13.019158234250227,1.0110966471913134,-11.61139763406533,-16.147588319943026,-2.6152804876780966e-10,0.13963850608008604
3OAR80,-13.018820444724753,1.0110966471913134,-11.611059844539913,-16.12776000415729,-2.6204717992887094e-10,0.13963850608008604
EAR100x,-53.308359602201286,1.4001991248858514,-50.617936336514575,-30.431209464226182,-1.077418604315517e-10,0.08061428108116739
EAR120x,-53.30835960220197,1.4001991248858516,-50.61793633651543,-24.036189609010606,-1.4624348120947505e-10,0.08061428108116739
EAR160x,-53.30835960220083,1.4001991248858516,-50.617936336514106,-28.27130543465842,-1.182570845970732e-10,0.05007806916373275
EAR140y,-53.621380538248594,1.417822942288588,-51.0173642339727,-0.0,,0.0
3OAS121,12.130513073461172,3.198489611869459,3.240590416988155,-10.501033308324965,-6.001890418190318e-10,0.05902422499891866
3OAS80,12.117640970918698,3.198489611869459,3.2277183144456636,-16.213235334452857,-2.5982348921813035e-10,0.13963850608008604
3OAS100,12.113327404496514,3.198489611869459,3.2234047480234853,-15.109969011428847,-2.9178252904585616e-10,0.13963850608008604
3OAS120,12.113327404496172,3.198489611869459,3.223404748023116,-16.84382489081009,-2.4451578560875617e-10,0.08061428108116739
3OAR40,-13.027146560479451,1.0110966471913134,-11.619385960294586,-16.376781231231043,-2.556727661747739e-10,0.13963850608008604
3OAR100,-13.01882044472407,1.0110966471913132,-11.611059844539211,-13.463059775759245,-3.574074526809229e-10,0.13963850608008604
3HAD60,-0.4349906296440666,1.4927180897403898,-3.1446142629068348,-11.888227860008072,-4.553352088293262e-10,0.13963850608008604
3HAD100,-0.4346375044876865,1.4927180897403896,-3.144261137750438,-8.923578765613836,-9.40384078791212e-10,0.13963850608008604
3HAD140,-0.4346375044865497,1.4927180897403893,-3.1442611377493153,-11.88602620864592,-4.5550892947777214e-10,0.05007806916373275
3HAD160,-0.4346375044879424,1.4927180897403896,-3.1442611377506964,-11.993883847836825,-4.4711390819532306e-10,0.05007806916373275
EAR40x,-53.309127130213206,1.4001991248858516,-50.61870386452662,-24.010643793843133,-1.4645261935396236e-10,0.13963850608008604
EAR60y,-53.62229093029217,1.417822942288588,-51.01827462601628,-0.0,,0.0
EAR60x,-53.30926999424623,1.4001991248858514,-50.618846728559674,-23.996786113291684,-1.4656621696005165e-10,0.13963850608008604
EAR80x,-53.30835960220197,1.4001991248858519,-50.61793633651541,-23.550025940412578,-1.5032737567157122e-10,0.13963850608008604
3OAR180,-13.018820444726115,1.0110966471913134,-11.611059844305005,-0.0,,0.0
3OAS180,12.113327404497085,3.198489611869459,3.2234047465318336,-0.0,,0.0
3HAD180,-0.4346375044860381,1.4927180897403896,-3.144261138203664,-0.0,,0.0
NADH16pp,-88.44112010291929,6.211579665461983,-87.15894152792353,-35.409122577754744,-8.941752065844301e-11,21.949583291898886
NADH17pp,19.30224089974903,4.874554708979401,22.40887380253471,0.0,,0.0
VPAMTr,-1.5950389968868024,3.4900585573236698,2.106720295025387,-0.0,,0.0
PIt2rpp,3.251906384375601,0.0,3.251906384375601,-13.139096660638593,-3.739496414635447e-10,0.37806650747124215
PItpp,-16.735198258712707,0.0,-16.735198258712707,-0.0,,0.0
SUCCt1pp,16.430338115174266,0.0,16.430338115174266,0.0,,0.0
