"","react_id","direction","sample_id","mfa_sampling_ave","mfa_sampling_var","mfa_sampling_lb","mfa_sampling_ub"
"1","3OAR100","fwd","WT1","0.28339622399999997","5.2900000000000002E-6","0.280026149","0.28834073100000002"
"2","3OAR100","fwd","WT1","0.28339622399999997","5.2900000000000002E-6","0.280026149","0.28834073100000002"
"3","3OAR100","fwd","WT2","0.29924500700000001","1.1399999999999999E-5","0.29512635999999998","0.30742483199999998"
"4","3OAR100","fwd","WT2","0.29924500700000001","1.1399999999999999E-5","0.29512635999999998","0.30742483199999998"
"5","3OAR120","fwd","WT1","0.154020041","1.5600000000000001E-6","0.15218847399999999","0.156707279"
"6","3OAR120","fwd","WT2","0.16263353","3.36E-6","0.16039513","0.16707909700000001"
"7","3OAR120","fwd","WT1","0.154020041","1.5600000000000001E-6","0.15218847399999999","0.156707279"
"8","3OAR120","fwd","WT2","0.16263353","3.36E-6","0.16039513","0.16707909700000001"
"9","3OAR121","fwd","WT2","0.13661147700000001","2.3700000000000002E-6","0.13473123000000001","0.140345735"
"10","3OAR121","fwd","WT2","0.13661147700000001","2.3700000000000002E-6","0.13473123000000001","0.140345735"
"11","3OAR121","fwd","WT1","0.12937618300000001","1.1000000000000001E-6","0.12783767500000001","0.13163345200000001"
"12","3OAR121","fwd","WT1","0.12937618300000001","1.1000000000000001E-6","0.12783767500000001","0.13163345200000001"
"13","3OAR140","fwd","WT2","0.15484526000000001","3.05E-6","0.15271405299999999","0.159077935"
"14","3OAR140","fwd","WT2","0.15484526000000001","3.05E-6","0.15271405299999999","0.159077935"
"15","3OAR140","fwd","WT1","0.146644258","1.42E-6","0.14490040200000001","0.14920280799999999"
"16","3OAR140","fwd","WT1","0.146644258","1.42E-6","0.14490040200000001","0.14920280799999999"
"17","3OAR141","fwd","WT1","0.12937618300000001","1.1000000000000001E-6","0.12783767500000001","0.13163345200000001"
"18","3OAR141","fwd","WT2","0.13661147700000001","2.3700000000000002E-6","0.13473123000000001","0.140345735"
"19","3OAR141","fwd","WT2","0.13661147700000001","2.3700000000000002E-6","0.13473123000000001","0.140345735"
"20","3OAR141","fwd","WT1","0.12937618300000001","1.1000000000000001E-6","0.12783767500000001","0.13163345200000001"
"21","3OAR160","fwd","WT2","0.115903908","1.7099999999999999E-6","0.11430867","0.119072127"
"22","3OAR160","fwd","WT1","0.10976534","7.9299999999999997E-7","0.10846003899999999","0.111680452"
"23","3OAR160","fwd","WT2","0.115903908","1.7099999999999999E-6","0.11430867","0.119072127"
"24","3OAR160","fwd","WT1","0.10976534","7.9299999999999997E-7","0.10846003899999999","0.111680452"
"25","3OAR161","fwd","WT2","0.13661147700000001","2.3700000000000002E-6","0.13473123000000001","0.140345735"
"26","3OAR161","fwd","WT1","0.12937618300000001","1.1000000000000001E-6","0.12783767500000001","0.13163345200000001"
"27","3OAR161","fwd","WT1","0.12937618300000001","1.1000000000000001E-6","0.12783767500000001","0.13163345200000001"
"28","3OAR161","fwd","WT2","0.13661147700000001","2.3700000000000002E-6","0.13473123000000001","0.140345735"
"29","3OAR180","fwd","WT1","NA","NA","NA","NA"
"30","3OAR180","fwd","WT1","NA","NA","NA","NA"
"31","3OAR180","fwd","WT2","NA","NA","NA","NA"
"32","3OAR180","fwd","WT2","NA","NA","NA","NA"
"33","3OAR181","fwd","WT2","4.6462082000000002E-2","2.7399999999999999E-7","4.5822603000000003E-2","4.7732116999999998E-2"
"34","3OAR181","fwd","WT1","4.4001330999999998E-2","1.2700000000000001E-7","4.3478078000000003E-2","4.4769035999999998E-2"
"35","3OAR181","fwd","WT2","4.6462082000000002E-2","2.7399999999999999E-7","4.5822603000000003E-2","4.7732116999999998E-2"
"36","3OAR181","fwd","WT1","4.4001330999999998E-2","1.2700000000000001E-7","4.3478078000000003E-2","4.4769035999999998E-2"
"37","3OAR40","fwd","WT2","0.29924787400000002","1.1399999999999999E-5","0.29512918700000002","0.30742777599999999"
"38","3OAR40","fwd","WT1","0.28339893900000002","5.2900000000000002E-6","0.28002883099999998","0.28834349300000001"
"39","3OAR40","fwd","WT2","0.29924787400000002","1.1399999999999999E-5","0.29512918700000002","0.30742777599999999"
"40","3OAR40","fwd","WT1","0.28339893900000002","5.2900000000000002E-6","0.28002883099999998","0.28834349300000001"
"41","3OAR60","fwd","WT2","0.29924787400000002","1.1399999999999999E-5","0.29512918700000002","0.30742777599999999"
"42","3OAR60","fwd","WT1","0.28339893900000002","5.2900000000000002E-6","0.28002883099999998","0.28834349300000001"
"43","3OAR60","fwd","WT1","0.28339893900000002","5.2900000000000002E-6","0.28002883099999998","0.28834349300000001"
"44","3OAR60","fwd","WT2","0.29924787400000002","1.1399999999999999E-5","0.29512918700000002","0.30742777599999999"
"45","3OAR80","fwd","WT2","0.29924787400000002","1.1399999999999999E-5","0.29512918700000002","0.30742777599999999"
"46","3OAR80","fwd","WT1","0.28339893900000002","5.2900000000000002E-6","0.28002883099999998","0.28834349300000001"
"47","3OAR80","fwd","WT2","0.29924787400000002","1.1399999999999999E-5","0.29512918700000002","0.30742777599999999"
"48","3OAR80","fwd","WT1","0.28339893900000002","5.2900000000000002E-6","0.28002883099999998","0.28834349300000001"
"49","3OAS121","fwd","WT2","0.13661147700000001","2.3700000000000002E-6","0.13473123000000001","0.140345735"
"50","3OAS121","fwd","WT2","0.13661147700000001","2.3700000000000002E-6","0.13473123000000001","0.140345735"
"51","3OAS121","fwd","WT1","0.12937618300000001","1.1000000000000001E-6","0.12783767500000001","0.13163345200000001"
"52","3OAS121","fwd","WT1","0.12937618300000001","1.1000000000000001E-6","0.12783767500000001","0.13163345200000001"
"53","3OAS141","fwd","WT1","0.12937618300000001","1.1000000000000001E-6","0.12783767500000001","0.13163345200000001"
"54","3OAS141","fwd","WT1","0.12937618300000001","1.1000000000000001E-6","0.12783767500000001","0.13163345200000001"
"55","3OAS141","fwd","WT2","0.13661147700000001","2.3700000000000002E-6","0.13473123000000001","0.140345735"
"56","3OAS141","fwd","WT2","0.13661147700000001","2.3700000000000002E-6","0.13473123000000001","0.140345735"
"57","3OAS161","fwd","WT1","0.12937618300000001","1.1000000000000001E-6","0.12783767500000001","0.13163345200000001"
"58","3OAS161","fwd","WT2","0.13661147700000001","2.3700000000000002E-6","0.13473123000000001","0.140345735"
"59","3OAS161","fwd","WT2","0.13661147700000001","2.3700000000000002E-6","0.13473123000000001","0.140345735"
"60","3OAS161","fwd","WT1","0.12937618300000001","1.1000000000000001E-6","0.12783767500000001","0.13163345200000001"
"61","3OAS181","fwd","WT2","4.6462082000000002E-2","2.7399999999999999E-7","4.5822603000000003E-2","4.7732116999999998E-2"
"62","3OAS181","fwd","WT1","4.4001330999999998E-2","1.2700000000000001E-7","4.3478078000000003E-2","4.4769035999999998E-2"
"63","3OAS181","fwd","WT2","4.6462082000000002E-2","2.7399999999999999E-7","4.5822603000000003E-2","4.7732116999999998E-2"
"64","3OAS181","fwd","WT1","4.4001330999999998E-2","1.2700000000000001E-7","4.3478078000000003E-2","4.4769035999999998E-2"
"65","ACGK","fwd","WT1","0.30868387000000003","5.9200000000000002E-5","0.29401348300000002","0.32376709199999998"
"66","ACGK","fwd","WT1","0.30868387000000003","5.9200000000000002E-5","0.29401348300000002","0.32376709199999998"
"67","ACGK","fwd","WT2","0.34752782799999998","5.7426761E-2","-9.5690838E-2","0.77663046199999997"
"68","ACGK","fwd","WT2","0.34752782799999998","5.7426761E-2","-9.5690838E-2","0.77663046199999997"
"69","ACGS","fwd","WT1","0.30868387000000003","5.9200000000000002E-5","0.29401348300000002","0.32376709199999998"
"70","ACGS","fwd","WT2","0.34752782799999998","5.7426761E-2","-9.5690838E-2","0.77663046199999997"
"71","ACGS","fwd","WT2","0.34752782799999998","5.7426761E-2","-9.5690838E-2","0.77663046199999997"
"72","ACGS","fwd","WT1","0.30868387000000003","5.9200000000000002E-5","0.29401348300000002","0.32376709199999998"
"73","ACODA","fwd","WT1","0.303932698","3.8600000000000003E-5","0.29258714600000002","0.31610632"
"74","ACODA","fwd","WT1","0.303932698","3.8600000000000003E-5","0.29258714600000002","0.31610632"
"75","ACODA","fwd","WT2","0.39553666500000001","1.8589330000000001E-2","0.205002713","0.70698838900000005"
"76","ACODA","fwd","WT2","0.39553666500000001","1.8589330000000001E-2","0.205002713","0.70698838900000005"
"77","ADK1","fwd","WT1","7.9721604829999997","10.846727599999999","3.067821549","14.83420909"
"78","ADK1","fwd","WT1","7.9721604829999997","10.846727599999999","3.067821549","14.83420909"
"79","ADK1","fwd","WT2","1.754460474","2.5191914049999999","-1.1871427560000001","4.9070966719999998"
"80","ADK1","fwd","WT2","1.754460474","2.5191914049999999","-1.1871427560000001","4.9070966719999998"
"81","ADSK","fwd","WT1","0.22428408399999999","3.3100000000000001E-6","0.221616955","0.228197241"
"82","ADSK","fwd","WT1","0.22428408399999999","3.3100000000000001E-6","0.221616955","0.228197241"
"83","ADSK","fwd","WT2","0.23682705200000001","7.1300000000000003E-6","0.23356749199999999","0.24330068899999999"
"84","ADSK","fwd","WT2","0.23682705200000001","7.1300000000000003E-6","0.23356749199999999","0.24330068899999999"
"85","ADSL1r","fwd","WT2","0.53782720900000003","0.18569707299999999","-0.15166463699999999","1.5018503940000001"
"86","ADSL1r","fwd","WT1","0.52653079800000002","1.0136579E-2","0.315873652","0.67748942999999995"
"87","ADSL1r","fwd","WT1","0.52653079800000002","1.0136579E-2","0.315873652","0.67748942999999995"
"88","ADSL1r","fwd","WT2","0.53782720900000003","0.18569707299999999","-0.15166463699999999","1.5018503940000001"
"89","ADSL2r","fwd","WT1","0.393503614","1.0200000000000001E-5","0.38882417000000002","0.40036919999999998"
"90","ADSL2r","fwd","WT2","0.415510094","2.19E-5","0.40979123699999997","0.42686801000000002"
"91","ADSL2r","fwd","WT2","0.415510094","2.19E-5","0.40979123699999997","0.42686801000000002"
"92","ADSL2r","fwd","WT1","0.393503614","1.0200000000000001E-5","0.38882417000000002","0.40036919999999998"
"93","ADSS","fwd","WT2","0.53782720900000003","0.18569707299999999","-0.15166463699999999","1.5018503940000001"
"94","ADSS","fwd","WT1","0.52653079800000002","1.0136579E-2","0.315873652","0.67748942999999995"
"95","ADSS","fwd","WT2","0.53782720900000003","0.18569707299999999","-0.15166463699999999","1.5018503940000001"
"96","ADSS","fwd","WT1","0.52653079800000002","1.0136579E-2","0.315873652","0.67748942999999995"
"97","AGPR","fwd","WT1","NA","NA","NA","NA"
"98","AGPR","fwd","WT1","NA","NA","NA","NA"
"99","AGPR","fwd","WT2","NA","NA","NA","NA"
"100","AGPR","fwd","WT2","NA","NA","NA","NA"
"101","AICART","fwd","WT1","0.47680445100000002","1.5E-5","0.471134414","0.48512341399999998"
"102","AICART","fwd","WT2","0.50346948599999997","3.2199999999999997E-5","0.49654000399999998","0.51723176100000001"
"103","AICART","fwd","WT2","0.50346948599999997","3.2199999999999997E-5","0.49654000399999998","0.51723176100000001"
"104","AICART","fwd","WT1","0.47680445100000002","1.5E-5","0.471134414","0.48512341399999998"
"105","AIRC2","fwd","WT2","0.415510094","2.19E-5","0.40979123699999997","0.42686801000000002"
"106","AIRC2","fwd","WT1","0.393503614","1.0200000000000001E-5","0.38882417000000002","0.40036919999999998"
"107","AIRC2","fwd","WT2","0.415510094","2.19E-5","0.40979123699999997","0.42686801000000002"
"108","AIRC2","fwd","WT1","0.393503614","1.0200000000000001E-5","0.38882417000000002","0.40036919999999998"
"109","AIRC3","fwd","WT1","NA","NA","NA","NA"
"110","AIRC3","fwd","WT1","NA","NA","NA","NA"
"111","AIRC3","fwd","WT2","NA","NA","NA","NA"
"112","AIRC3","fwd","WT2","NA","NA","NA","NA"
"113","AKGt2rpp","fwd","WT1","NA","NA","NA","NA"
"114","AKGt2rpp","fwd","WT1","NA","NA","NA","NA"
"115","AKGt2rpp","fwd","WT2","NA","NA","NA","NA"
"116","AKGt2rpp","fwd","WT2","NA","NA","NA","NA"
"117","ANPRT","fwd","WT1","4.9980864E-2","1.6400000000000001E-7","4.9386504999999997E-2","5.0852897000000001E-2"
"118","ANPRT","fwd","WT1","4.9980864E-2","1.6400000000000001E-7","4.9386504999999997E-2","5.0852897000000001E-2"
"119","ANPRT","fwd","WT2","5.2776018000000001E-2","3.5400000000000002E-7","5.2049637000000003E-2","5.4218642999999997E-2"
"120","ANPRT","fwd","WT2","5.2776018000000001E-2","3.5400000000000002E-7","5.2049637000000003E-2","5.4218642999999997E-2"
"121","ARGSL","fwd","WT1","0.26525104700000002","2.69E-5","0.25578793500000002","0.27484254699999999"
"122","ARGSL","fwd","WT1","0.26525104700000002","2.69E-5","0.25578793500000002","0.27484254699999999"
"123","ARGSL","fwd","WT2","0.27616904799999997","4.7700000000000001E-6","0.272574286","0.27979305500000001"
"124","ARGSL","fwd","WT2","0.27616904799999997","4.7700000000000001E-6","0.272574286","0.27979305500000001"
"125","ARGSS","fwd","WT1","0.26525104700000002","2.69E-5","0.25578793500000002","0.27484254699999999"
"126","ARGSS","fwd","WT2","0.27616904799999997","4.7700000000000001E-6","0.272574286","0.27979305500000001"
"127","ARGSS","fwd","WT1","0.26525104700000002","2.69E-5","0.25578793500000002","0.27484254699999999"
"128","ARGSS","fwd","WT2","0.27616904799999997","4.7700000000000001E-6","0.272574286","0.27979305500000001"
"129","ASAD","fwd","WT1","NA","NA","NA","NA"
"130","ASAD","fwd","WT1","NA","NA","NA","NA"
"131","ASAD","fwd","WT2","NA","NA","NA","NA"
"132","ASAD","fwd","WT2","NA","NA","NA","NA"
"133","ASNS1","fwd","WT1","3.696473E-3","8.2300000000000008E-6","-1.5818329999999999E-3","8.6986200000000007E-3"
"134","ASNS1","fwd","WT1","3.696473E-3","8.2300000000000008E-6","-1.5818329999999999E-3","8.6986200000000007E-3"
"135","ASNS1","fwd","WT2","0.136057487","8.8030545000000002E-2","-0.27085218799999999","0.84345413400000002"
"136","ASNS1","fwd","WT2","0.136057487","8.8030545000000002E-2","-0.27085218799999999","0.84345413400000002"
"137","ASNS2","fwd","WT2","0.32739996399999999","0.122765717","-0.19485433899999999","1.1261060540000001"
"138","ASNS2","fwd","WT1","0.21522312900000001","2.8099999999999999E-5","0.204534516","0.22490259600000001"
"139","ASNS2","fwd","WT2","0.32739996399999999","0.122765717","-0.19485433899999999","1.1261060540000001"
"140","ASNS2","fwd","WT1","0.21522312900000001","2.8099999999999999E-5","0.204534516","0.22490259600000001"
"141","ASPTA","fwd","WT1","NA","NA","NA","NA"
"142","ASPTA","fwd","WT1","NA","NA","NA","NA"
"143","ASPTA","fwd","WT2","NA","NA","NA","NA"
"144","ASPTA","fwd","WT2","NA","NA","NA","NA"
"145","ATPPRT","fwd","WT2","8.7959391999999997E-2","9.8400000000000002E-7","8.6748767000000004E-2","9.0363751000000006E-2"
"146","ATPPRT","fwd","WT2","8.7959391999999997E-2","9.8400000000000002E-7","8.6748767000000004E-2","9.0363751000000006E-2"
"147","ATPPRT","fwd","WT1","8.3300837000000003E-2","4.5699999999999998E-7","8.2310245000000004E-2","8.4754213999999994E-2"
"148","ATPPRT","fwd","WT1","8.3300837000000003E-2","4.5699999999999998E-7","8.2310245000000004E-2","8.4754213999999994E-2"
"149","BPNT","fwd","WT2","0.23682705200000001","7.1300000000000003E-6","0.23356749199999999","0.24330068899999999"
"150","BPNT","fwd","WT2","0.23682705200000001","7.1300000000000003E-6","0.23356749199999999","0.24330068899999999"
"151","BPNT","fwd","WT1","0.22428408399999999","3.3100000000000001E-6","0.221616955","0.228197241"
"152","BPNT","fwd","WT1","0.22428408399999999","3.3100000000000001E-6","0.221616955","0.228197241"
"153","CHORS","fwd","WT1","0.336551453","7.4599999999999997E-6","0.33254926899999998","0.342423376"
"154","CHORS","fwd","WT1","0.336551453","7.4599999999999997E-6","0.33254926899999998","0.342423376"
"155","CHORS","fwd","WT2","0.35537291399999998","1.6099999999999998E-5","0.35048175300000001","0.365086988"
"156","CHORS","fwd","WT2","0.35537291399999998","1.6099999999999998E-5","0.35048175300000001","0.365086988"
"157","CS","fwd","WT1","3.0978949440000001","0.81230758700000005","1.7108280950000001","4.8353108669999996"
"158","CS","fwd","WT2","1.7716730789999999","2.5344689E-2","1.412495794","2.0414052090000001"
"159","CS","fwd","WT1","3.0978949440000001","0.81230758700000005","1.7108280950000001","4.8353108669999996"
"160","CS","fwd","WT2","1.7716730789999999","2.5344689E-2","1.412495794","2.0414052090000001"
"161","CTPS2","fwd","WT1","0.22524717399999999","3.82E-5","0.21316791299999999","0.23708548199999999"
"162","CTPS2","fwd","WT1","0.22524717399999999","3.82E-5","0.21316791299999999","0.23708548199999999"
"163","CTPS2","fwd","WT2","0.20802543900000001","8.9440249999999995E-3","2.1685864999999999E-2","0.38119101599999999"
"164","CTPS2","fwd","WT2","0.20802543900000001","8.9440249999999995E-3","2.1685864999999999E-2","0.38119101599999999"
"165","DAPDC","fwd","WT2","0.31860914499999998","1.29E-5","0.31422398000000001","0.32731828499999999"
"166","DAPDC","fwd","WT2","0.31860914499999998","1.29E-5","0.31422398000000001","0.32731828499999999"
"167","DAPDC","fwd","WT1","0.301734787","5.9900000000000002E-6","0.29814663400000002","0.30699925300000003"
"168","DAPDC","fwd","WT1","0.301734787","5.9900000000000002E-6","0.29814663400000002","0.30699925300000003"
"169","DAPE","fwd","WT1","0.32668902399999999","7.0299999999999996E-6","0.322804121","0.332388874"
"170","DAPE","fwd","WT2","0.34495893399999999","1.5099999999999999E-5","0.34021110500000001","0.35438834200000002"
"171","DAPE","fwd","WT1","0.32668902399999999","7.0299999999999996E-6","0.322804121","0.332388874"
"172","DAPE","fwd","WT2","0.34495893399999999","1.5099999999999999E-5","0.34021110500000001","0.35438834200000002"
"173","DHAD1","fwd","WT2","0.811732491","8.3800000000000004E-5","0.80056024199999998","0.83392109599999997"
"174","DHAD1","fwd","WT1","0.76874105599999998","3.8899999999999997E-5","0.75959938400000004","0.78215353200000004"
"175","DHAD1","fwd","WT1","0.76874105599999998","3.8899999999999997E-5","0.75959938400000004","0.78215353200000004"
"176","DHAD1","fwd","WT2","0.811732491","8.3800000000000004E-5","0.80056024199999998","0.83392109599999997"
"177","DHAD2","fwd","WT1","0.25545674499999999","4.3000000000000003E-6","0.25241891900000002","0.25991378300000001"
"178","DHAD2","fwd","WT2","0.269743028","9.2499999999999995E-6","0.26603042999999998","0.27711641999999997"
"179","DHAD2","fwd","WT1","0.25545674499999999","4.3000000000000003E-6","0.25241891900000002","0.25991378300000001"
"180","DHAD2","fwd","WT2","0.269743028","9.2499999999999995E-6","0.26603042999999998","0.27711641999999997"
"181","DHDPRy","fwd","WT2","0.34495893399999999","1.5099999999999999E-5","0.34021110500000001","0.35438834200000002"
"182","DHDPRy","fwd","WT2","0.34495893399999999","1.5099999999999999E-5","0.34021110500000001","0.35438834200000002"
"183","DHDPRy","fwd","WT1","0.32668902399999999","7.0299999999999996E-6","0.322804121","0.332388874"
"184","DHDPRy","fwd","WT1","0.32668902399999999","7.0299999999999996E-6","0.322804121","0.332388874"
"185","DHDPS","fwd","WT2","0.34495893399999999","1.5099999999999999E-5","0.34021110500000001","0.35438834200000002"
"186","DHDPS","fwd","WT2","0.34495893399999999","1.5099999999999999E-5","0.34021110500000001","0.35438834200000002"
"187","DHDPS","fwd","WT1","0.32668902399999999","7.0299999999999996E-6","0.322804121","0.332388874"
"188","DHDPS","fwd","WT1","0.32668902399999999","7.0299999999999996E-6","0.322804121","0.332388874"
"189","DHORD2","fwd","WT1","0.28985896999999999","5.5300000000000004E-6","0.28641204199999998","0.29491623500000003"
"190","DHORD2","fwd","WT2","0.30606917900000002","1.19E-5","0.30185660800000003","0.31443554099999999"
"191","DHORD2","fwd","WT2","0.30606917900000002","1.19E-5","0.30185660800000003","0.31443554099999999"
"192","DHORD2","fwd","WT1","0.28985896999999999","5.5300000000000004E-6","0.28641204199999998","0.29491623500000003"
"193","DHORD5","fwd","WT1","NA","NA","NA","NA"
"194","DHORD5","fwd","WT1","NA","NA","NA","NA"
"195","DHORD5","fwd","WT2","NA","NA","NA","NA"
"196","DHORD5","fwd","WT2","NA","NA","NA","NA"
"197","DHORTS","fwd","WT1","NA","NA","NA","NA"
"198","DHORTS","fwd","WT1","NA","NA","NA","NA"
"199","DHORTS","fwd","WT2","NA","NA","NA","NA"
"200","DHORTS","fwd","WT2","NA","NA","NA","NA"
"201","DHQS","fwd","WT1","0.336551453","7.4599999999999997E-6","0.33254926899999998","0.342423376"
"202","DHQS","fwd","WT1","0.336551453","7.4599999999999997E-6","0.33254926899999998","0.342423376"
"203","DHQS","fwd","WT2","0.35537291399999998","1.6099999999999998E-5","0.35048175300000001","0.365086988"
"204","DHQS","fwd","WT2","0.35537291399999998","1.6099999999999998E-5","0.35048175300000001","0.365086988"
"205","DHQTi","fwd","WT2","0.35537291399999998","1.6099999999999998E-5","0.35048175300000001","0.365086988"
"206","DHQTi","fwd","WT1","0.336551453","7.4599999999999997E-6","0.33254926899999998","0.342423376"
"207","DHQTi","fwd","WT2","0.35537291399999998","1.6099999999999998E-5","0.35048175300000001","0.365086988"
"208","DHQTi","fwd","WT1","0.336551453","7.4599999999999997E-6","0.33254926899999998","0.342423376"
"209","DTMPK","fwd","WT1","2.3691014999999999E-2","3.9299999999999996E-6","2.0364184E-2","2.7229017000000001E-2"
"210","DTMPK","fwd","WT1","2.3691014999999999E-2","3.9299999999999996E-6","2.0364184E-2","2.7229017000000001E-2"
"211","DTMPK","fwd","WT2","0.12890732699999999","1.9166485E-2","-6.2858741999999995E-2","0.42505005899999998"
"212","DTMPK","fwd","WT2","0.12890732699999999","1.9166485E-2","-6.2858741999999995E-2","0.42505005899999998"
"213","EAR100x","fwd","WT2","0.16263353","3.36E-6","0.16039513","0.16707909700000001"
"214","EAR100x","fwd","WT2","0.16263353","3.36E-6","0.16039513","0.16707909700000001"
"215","EAR100x","fwd","WT1","0.154020041","1.5600000000000001E-6","0.15218847399999999","0.156707279"
"216","EAR100x","fwd","WT1","0.154020041","1.5600000000000001E-6","0.15218847399999999","0.156707279"
"217","EAR100y","fwd","WT1","NA","NA","NA","NA"
"218","EAR100y","fwd","WT1","NA","NA","NA","NA"
"219","EAR100y","fwd","WT2","NA","NA","NA","NA"
"220","EAR100y","fwd","WT2","NA","NA","NA","NA"
"221","EAR120x","fwd","WT1","0.154020041","1.5600000000000001E-6","0.15218847399999999","0.156707279"
"222","EAR120x","fwd","WT2","0.16263353","3.36E-6","0.16039513","0.16707909700000001"
"223","EAR120x","fwd","WT1","0.154020041","1.5600000000000001E-6","0.15218847399999999","0.156707279"
"224","EAR120x","fwd","WT2","0.16263353","3.36E-6","0.16039513","0.16707909700000001"
"225","EAR120y","fwd","WT1","NA","NA","NA","NA"
"226","EAR120y","fwd","WT1","NA","NA","NA","NA"
"227","EAR120y","fwd","WT2","NA","NA","NA","NA"
"228","EAR120y","fwd","WT2","NA","NA","NA","NA"
"229","EAR121x","fwd","WT2","0.13661147700000001","2.3700000000000002E-6","0.13473123000000001","0.140345735"
"230","EAR121x","fwd","WT2","0.13661147700000001","2.3700000000000002E-6","0.13473123000000001","0.140345735"
"231","EAR121x","fwd","WT1","0.12937618300000001","1.1000000000000001E-6","0.12783767500000001","0.13163345200000001"
"232","EAR121x","fwd","WT1","0.12937618300000001","1.1000000000000001E-6","0.12783767500000001","0.13163345200000001"
"233","EAR121y","fwd","WT1","NA","NA","NA","NA"
"234","EAR121y","fwd","WT1","NA","NA","NA","NA"
"235","EAR121y","fwd","WT2","NA","NA","NA","NA"
"236","EAR121y","fwd","WT2","NA","NA","NA","NA"
"237","EAR140x","fwd","WT1","0.117141124","9.0299999999999997E-7","0.115748111","0.119184923"
"238","EAR140x","fwd","WT2","0.123692179","1.9400000000000001E-6","0.121989746","0.12707328900000001"
"239","EAR140x","fwd","WT1","0.117141124","9.0299999999999997E-7","0.115748111","0.119184923"
"240","EAR140x","fwd","WT2","0.123692179","1.9400000000000001E-6","0.121989746","0.12707328900000001"
"241","EAR140y","fwd","WT1","NA","NA","NA","NA"
"242","EAR140y","fwd","WT1","NA","NA","NA","NA"
"243","EAR140y","fwd","WT2","NA","NA","NA","NA"
"244","EAR140y","fwd","WT2","NA","NA","NA","NA"
"245","EAR141x","fwd","WT1","0.12937618300000001","1.1000000000000001E-6","0.12783767500000001","0.13163345200000001"
"246","EAR141x","fwd","WT1","0.12937618300000001","1.1000000000000001E-6","0.12783767500000001","0.13163345200000001"
"247","EAR141x","fwd","WT2","0.13661147700000001","2.3700000000000002E-6","0.13473123000000001","0.140345735"
"248","EAR141x","fwd","WT2","0.13661147700000001","2.3700000000000002E-6","0.13473123000000001","0.140345735"
"249","EAR141y","fwd","WT1","NA","NA","NA","NA"
"250","EAR141y","fwd","WT1","NA","NA","NA","NA"
"251","EAR141y","fwd","WT2","NA","NA","NA","NA"
"252","EAR141y","fwd","WT2","NA","NA","NA","NA"
"253","EAR160x","fwd","WT1","0.10976534","7.9299999999999997E-7","0.10846003899999999","0.111680452"
"254","EAR160x","fwd","WT2","0.115903908","1.7099999999999999E-6","0.11430867","0.119072127"
"255","EAR160x","fwd","WT1","0.10976534","7.9299999999999997E-7","0.10846003899999999","0.111680452"
"256","EAR160x","fwd","WT2","0.115903908","1.7099999999999999E-6","0.11430867","0.119072127"
"257","EAR160y","fwd","WT1","NA","NA","NA","NA"
"258","EAR160y","fwd","WT1","NA","NA","NA","NA"
"259","EAR160y","fwd","WT2","NA","NA","NA","NA"
"260","EAR160y","fwd","WT2","NA","NA","NA","NA"
"261","EAR161x","fwd","WT1","0.12937618300000001","1.1000000000000001E-6","0.12783767500000001","0.13163345200000001"
"262","EAR161x","fwd","WT2","0.13661147700000001","2.3700000000000002E-6","0.13473123000000001","0.140345735"
"263","EAR161x","fwd","WT1","0.12937618300000001","1.1000000000000001E-6","0.12783767500000001","0.13163345200000001"
"264","EAR161x","fwd","WT2","0.13661147700000001","2.3700000000000002E-6","0.13473123000000001","0.140345735"
"265","EAR161y","fwd","WT1","NA","NA","NA","NA"
"266","EAR161y","fwd","WT1","NA","NA","NA","NA"
"267","EAR161y","fwd","WT2","NA","NA","NA","NA"
"268","EAR161y","fwd","WT2","NA","NA","NA","NA"
"269","EAR180x","fwd","WT1","NA","NA","NA","NA"
"270","EAR180x","fwd","WT1","NA","NA","NA","NA"
"271","EAR180x","fwd","WT2","NA","NA","NA","NA"
"272","EAR180x","fwd","WT2","NA","NA","NA","NA"
"273","EAR180y","fwd","WT1","NA","NA","NA","NA"
"274","EAR180y","fwd","WT1","NA","NA","NA","NA"
"275","EAR180y","fwd","WT2","NA","NA","NA","NA"
"276","EAR180y","fwd","WT2","NA","NA","NA","NA"
"277","EAR181x","fwd","WT2","4.6462082000000002E-2","2.7399999999999999E-7","4.5822603000000003E-2","4.7732116999999998E-2"
"278","EAR181x","fwd","WT1","4.4001330999999998E-2","1.2700000000000001E-7","4.3478078000000003E-2","4.4769035999999998E-2"
"279","EAR181x","fwd","WT1","4.4001330999999998E-2","1.2700000000000001E-7","4.3478078000000003E-2","4.4769035999999998E-2"
"280","EAR181x","fwd","WT2","4.6462082000000002E-2","2.7399999999999999E-7","4.5822603000000003E-2","4.7732116999999998E-2"
"281","EAR181y","fwd","WT1","NA","NA","NA","NA"
"282","EAR181y","fwd","WT1","NA","NA","NA","NA"
"283","EAR181y","fwd","WT2","NA","NA","NA","NA"
"284","EAR181y","fwd","WT2","NA","NA","NA","NA"
"285","EAR40x","fwd","WT2","0.29924787400000002","1.1399999999999999E-5","0.29512918700000002","0.30742777599999999"
"286","EAR40x","fwd","WT2","0.29924787400000002","1.1399999999999999E-5","0.29512918700000002","0.30742777599999999"
"287","EAR40x","fwd","WT1","0.28339893900000002","5.2900000000000002E-6","0.28002883099999998","0.28834349300000001"
"288","EAR40x","fwd","WT1","0.28339893900000002","5.2900000000000002E-6","0.28002883099999998","0.28834349300000001"
"289","EAR60x","fwd","WT1","0.28339893900000002","5.2900000000000002E-6","0.28002883099999998","0.28834349300000001"
"290","EAR60x","fwd","WT2","0.29924787400000002","1.1399999999999999E-5","0.29512918700000002","0.30742777599999999"
"291","EAR60x","fwd","WT1","0.28339893900000002","5.2900000000000002E-6","0.28002883099999998","0.28834349300000001"
"292","EAR60x","fwd","WT2","0.29924787400000002","1.1399999999999999E-5","0.29512918700000002","0.30742777599999999"
"293","EAR60y","fwd","WT1","NA","NA","NA","NA"
"294","EAR60y","fwd","WT1","NA","NA","NA","NA"
"295","EAR60y","fwd","WT2","NA","NA","NA","NA"
"296","EAR60y","fwd","WT2","NA","NA","NA","NA"
"297","EAR80x","fwd","WT2","0.29924787400000002","1.1399999999999999E-5","0.29512918700000002","0.30742777599999999"
"298","EAR80x","fwd","WT1","0.28339893900000002","5.2900000000000002E-6","0.28002883099999998","0.28834349300000001"
"299","EAR80x","fwd","WT2","0.29924787400000002","1.1399999999999999E-5","0.29512918700000002","0.30742777599999999"
"300","EAR80x","fwd","WT1","0.28339893900000002","5.2900000000000002E-6","0.28002883099999998","0.28834349300000001"
"301","EAR80y","fwd","WT1","NA","NA","NA","NA"
"302","EAR80y","fwd","WT1","NA","NA","NA","NA"
"303","EAR80y","fwd","WT2","NA","NA","NA","NA"
"304","EAR80y","fwd","WT2","NA","NA","NA","NA"
"305","ENO","fwd","WT2","21.841309840000001","0.508612014","20.365393109999999","23.05651469"
"306","ENO","fwd","WT2","21.841309840000001","0.508612014","20.365393109999999","23.05651469"
"307","ENO","fwd","WT1","21.135551540000002","0.128006336","20.47171204","21.7770124"
"308","ENO","fwd","WT1","21.135551540000002","0.128006336","20.47171204","21.7770124"
"309","FUMt2_2pp","fwd","WT1","NA","NA","NA","NA"
"310","FUMt2_2pp","fwd","WT1","NA","NA","NA","NA"
"311","FUMt2_2pp","fwd","WT2","NA","NA","NA","NA"
"312","FUMt2_2pp","fwd","WT2","NA","NA","NA","NA"
"313","G3PD2","fwd","WT1","NA","NA","NA","NA"
"314","G3PD2","fwd","WT1","NA","NA","NA","NA"
"315","G3PD2","fwd","WT2","NA","NA","NA","NA"
"316","G3PD2","fwd","WT2","NA","NA","NA","NA"
"317","G3PT","fwd","WT1","NA","NA","NA","NA"
"318","G3PT","fwd","WT1","NA","NA","NA","NA"
"319","G3PT","fwd","WT2","0.232066312","0.12673912700000001","-0.268937231","1.0251180989999999"
"320","G3PT","fwd","WT2","0.232066312","0.12673912700000001","-0.268937231","1.0251180989999999"
"321","G5SD","fwd","WT2","0.54784456999999998","0.127829304","-9.4635793999999995E-2","1.252605921"
"322","G5SD","fwd","WT1","0.19315729400000001","3.26E-5","0.182311264","0.20387988000000001"
"323","G5SD","fwd","WT2","0.54784456999999998","0.127829304","-9.4635793999999995E-2","1.252605921"
"324","G5SD","fwd","WT1","0.19315729400000001","3.26E-5","0.182311264","0.20387988000000001"
"325","G6PDH2r","fwd","WT2","2.3132753400000001","2.4761459999999999E-2","1.9898505710000001","2.5890233650000001"
"326","G6PDH2r","fwd","WT1","0.56373477100000002","9.2897069999999995E-3","0.33516775799999998","0.68463967000000003"
"327","G6PDH2r","fwd","WT1","0.56373477100000002","9.2897069999999995E-3","0.33516775799999998","0.68463967000000003"
"328","G6PDH2r","fwd","WT2","2.3132753400000001","2.4761459999999999E-2","1.9898505710000001","2.5890233650000001"
"329","GAPD","fwd","WT2","23.470756099999999","0.29087549699999998","22.279028709999999","24.319329140000001"
"330","GAPD","fwd","WT1","22.903639869999999","2.8384032999999999E-2","22.558799270000002","23.209971769999999"
"331","GAPD","fwd","WT2","23.470756099999999","0.29087549699999998","22.279028709999999","24.319329140000001"
"332","GAPD","fwd","WT1","22.903639869999999","2.8384032999999999E-2","22.558799270000002","23.209971769999999"
"333","GARFT","fwd","WT1","0.37410122299999998","2.2058599999999999E-4","0.35207369799999999","0.40888352500000003"
"334","GARFT","fwd","WT2","0.37745335200000002","2.5378086000000001E-2","6.5125261000000004E-2","0.66646845899999996"
"335","GARFT","fwd","WT2","0.37745335200000002","2.5378086000000001E-2","6.5125261000000004E-2","0.66646845899999996"
"336","GARFT","fwd","WT1","0.37410122299999998","2.2058599999999999E-4","0.35207369799999999","0.40888352500000003"
"337","GHMT2r","fwd","WT1","0.92922629099999998","5.3399999999999997E-5","0.91244906100000001","0.93867910200000004"
"338","GHMT2r","fwd","WT2","1.104620969","9.6808400000000002E-4","1.0415741080000001","1.1609210889999999"
"339","GHMT2r","fwd","WT1","0.92922629099999998","5.3399999999999997E-5","0.91244906100000001","0.93867910200000004"
"340","GHMT2r","fwd","WT2","1.104620969","9.6808400000000002E-4","1.0415741080000001","1.1609210889999999"
"341","GK1","fwd","WT2","0.50287162900000004","0.107570819","-1.882998E-2","1.223462695"
"342","GK1","fwd","WT1","0.390551651","6.2240719999999998E-3","0.24786572900000001","0.536383689"
"343","GK1","fwd","WT2","0.50287162900000004","0.107570819","-1.882998E-2","1.223462695"
"344","GK1","fwd","WT1","0.390551651","6.2240719999999998E-3","0.24786572900000001","0.536383689"
"345","GLU5K","fwd","WT2","0.54784456999999998","0.127829304","-9.4635793999999995E-2","1.252605921"
"346","GLU5K","fwd","WT1","0.19315729400000001","3.26E-5","0.182311264","0.20387988000000001"
"347","GLU5K","fwd","WT1","0.19315729400000001","3.26E-5","0.182311264","0.20387988000000001"
"348","GLU5K","fwd","WT2","0.54784456999999998","0.127829304","-9.4635793999999995E-2","1.252605921"
"349","GLUDy","fwd","WT1","NA","NA","NA","NA"
"350","GLUDy","fwd","WT1","NA","NA","NA","NA"
"351","GLUDy","fwd","WT2","NA","NA","NA","NA"
"352","GLUDy","fwd","WT2","NA","NA","NA","NA"
"353","GLUPRT","fwd","WT1","0.39370540500000001","1.0200000000000001E-5","0.38902356100000002","0.40057451199999999"
"354","GLUPRT","fwd","WT2","0.41572316999999998","2.1999999999999999E-5","0.410001381","0.42708691100000001"
"355","GLUPRT","fwd","WT1","0.39370540500000001","1.0200000000000001E-5","0.38902356100000002","0.40057451199999999"
"356","GLUPRT","fwd","WT2","0.41572316999999998","2.1999999999999999E-5","0.410001381","0.42708691100000001"
"357","GLUt2rpp","fwd","WT1","NA","NA","NA","NA"
"358","GLUt2rpp","fwd","WT1","NA","NA","NA","NA"
"359","GLYK","fwd","WT1","3.0762039999999999E-3","9.8600000000000005E-6","-1.9175360000000001E-3","8.7162549999999991E-3"
"360","GLYK","fwd","WT1","3.0762039999999999E-3","9.8600000000000005E-6","-1.9175360000000001E-3","8.7162549999999991E-3"
"361","GLYK","fwd","WT2","0.23819483999999999","0.126736871","-0.26285259599999999","1.031261172"
"362","GLYK","fwd","WT2","0.23819483999999999","0.126736871","-0.26285259599999999","1.031261172"
"363","GMPS2","fwd","WT2","0.30316584200000002","1.0388862E-2","0.15864410300000001","0.50298972600000003"
"364","GMPS2","fwd","WT2","0.30316584200000002","1.0388862E-2","0.15864410300000001","0.50298972600000003"
"365","GMPS2","fwd","WT1","0.21880970699999999","1.27E-5","0.21166788","0.22513154199999999"
"366","GMPS2","fwd","WT1","0.21880970699999999","1.27E-5","0.21166788","0.22513154199999999"
"367","GND","fwd","WT1","0.54352361100000002","1.2748710999999999E-2","0.316730293","0.73901239799999996"
"368","GND","fwd","WT2","2.1785982920000002","1.7421361E-2","1.9017596699999999","2.4063737569999999"
"369","GND","fwd","WT1","0.54352361100000002","1.2748710999999999E-2","0.316730293","0.73901239799999996"
"370","GND","fwd","WT2","2.1785982920000002","1.7421361E-2","1.9017596699999999","2.4063737569999999"
"371","GTHOr","fwd","WT1","6.2100000000000003E-15","1.15E-29","5.3500000000000002E-16","1.3E-14"
"372","GTHOr","fwd","WT1","6.2100000000000003E-15","1.15E-29","5.3500000000000002E-16","1.3E-14"
"373","GTHOr","fwd","WT2","NA","NA","NA","NA"
"374","GTHOr","fwd","WT2","NA","NA","NA","NA"
"375","HISTD","fwd","WT2","8.7959391999999997E-2","9.8400000000000002E-7","8.6748767000000004E-2","9.0363751000000006E-2"
"376","HISTD","fwd","WT2","8.7959391999999997E-2","9.8400000000000002E-7","8.6748767000000004E-2","9.0363751000000006E-2"
"377","HISTD","fwd","WT1","8.3300837000000003E-2","4.5699999999999998E-7","8.2310245000000004E-2","8.4754213999999994E-2"
"378","HISTD","fwd","WT1","8.3300837000000003E-2","4.5699999999999998E-7","8.2310245000000004E-2","8.4754213999999994E-2"
"379","HISTP","fwd","WT2","8.7959391999999997E-2","9.8400000000000002E-7","8.6748767000000004E-2","9.0363751000000006E-2"
"380","HISTP","fwd","WT2","8.7959391999999997E-2","9.8400000000000002E-7","8.6748767000000004E-2","9.0363751000000006E-2"
"381","HISTP","fwd","WT1","8.3300837000000003E-2","4.5699999999999998E-7","8.2310245000000004E-2","8.4754213999999994E-2"
"382","HISTP","fwd","WT1","8.3300837000000003E-2","4.5699999999999998E-7","8.2310245000000004E-2","8.4754213999999994E-2"
"383","HSK","fwd","WT1","0.58718063899999995","3.3748300000000002E-4","0.549143029","0.61760780000000004"
"384","HSK","fwd","WT2","0.48184166699999997","9.5655800000000004E-4","0.43065192800000002","0.53558057199999998"
"385","HSK","fwd","WT1","0.58718063899999995","3.3748300000000002E-4","0.549143029","0.61760780000000004"
"386","HSK","fwd","WT2","0.48184166699999997","9.5655800000000004E-4","0.43065192800000002","0.53558057199999998"
"387","HSST","fwd","WT1","0.14143931300000001","1.3200000000000001E-6","0.139757352","0.14390705100000001"
"388","HSST","fwd","WT2","0.149349231","2.8399999999999999E-6","0.14729366899999999","0.15343167299999999"
"389","HSST","fwd","WT1","0.14143931300000001","1.3200000000000001E-6","0.139757352","0.14390705100000001"
"390","HSST","fwd","WT2","0.149349231","2.8399999999999999E-6","0.14729366899999999","0.15343167299999999"
"391","HSTPT","fwd","WT2","8.7959391999999997E-2","9.8400000000000002E-7","8.6748767000000004E-2","9.0363751000000006E-2"
"392","HSTPT","fwd","WT2","8.7959391999999997E-2","9.8400000000000002E-7","8.6748767000000004E-2","9.0363751000000006E-2"
"393","HSTPT","fwd","WT1","8.3300837000000003E-2","4.5699999999999998E-7","8.2310245000000004E-2","8.4754213999999994E-2"
"394","HSTPT","fwd","WT1","8.3300837000000003E-2","4.5699999999999998E-7","8.2310245000000004E-2","8.4754213999999994E-2"
"395","ICDHyr","fwd","WT1","1.4999917949999999","1.8874829999999999E-3","1.42557636","1.579787799"
"396","ICDHyr","fwd","WT1","1.4999917949999999","1.8874829999999999E-3","1.42557636","1.579787799"
"397","ICDHyr","fwd","WT2","1.334912206","1.3194173E-2","1.0571497219999999","1.4879100190000001"
"398","ICDHyr","fwd","WT2","1.334912206","1.3194173E-2","1.0571497219999999","1.4879100190000001"
"399","ICL","fwd","WT1","0.21349583599999999","6.6721130000000003E-3","2.8321852000000002E-2","0.32960178800000001"
"400","ICL","fwd","WT2","0.37623984199999999","1.0943692E-2","0.102901071","0.49966850899999998"
"401","ICL","fwd","WT1","0.21349583599999999","6.6721130000000003E-3","2.8321852000000002E-2","0.32960178800000001"
"402","ICL","fwd","WT2","0.37623984199999999","1.0943692E-2","0.102901071","0.49966850899999998"
"403","IGPDH","fwd","WT1","8.3300837000000003E-2","4.5699999999999998E-7","8.2310245000000004E-2","8.4754213999999994E-2"
"404","IGPDH","fwd","WT1","8.3300837000000003E-2","4.5699999999999998E-7","8.2310245000000004E-2","8.4754213999999994E-2"
"405","IGPDH","fwd","WT2","8.7959391999999997E-2","9.8400000000000002E-7","8.6748767000000004E-2","9.0363751000000006E-2"
"406","IGPDH","fwd","WT2","8.7959391999999997E-2","9.8400000000000002E-7","8.6748767000000004E-2","9.0363751000000006E-2"
"407","IGPS","fwd","WT2","5.2776018000000001E-2","3.5400000000000002E-7","5.2049637000000003E-2","5.4218642999999997E-2"
"408","IGPS","fwd","WT1","4.9980864E-2","1.6400000000000001E-7","4.9386504999999997E-2","5.0852897000000001E-2"
"409","IGPS","fwd","WT1","4.9980864E-2","1.6400000000000001E-7","4.9386504999999997E-2","5.0852897000000001E-2"
"410","IGPS","fwd","WT2","5.2776018000000001E-2","3.5400000000000002E-7","5.2049637000000003E-2","5.4218642999999997E-2"
"411","ILETA","fwd","WT1","NA","NA","NA","NA"
"412","ILETA","fwd","WT1","NA","NA","NA","NA"
"413","ILETA","fwd","WT2","NA","NA","NA","NA"
"414","ILETA","fwd","WT2","NA","NA","NA","NA"
"415","IMPC","fwd","WT1","NA","NA","NA","NA"
"416","IMPC","fwd","WT1","NA","NA","NA","NA"
"417","IMPC","fwd","WT2","NA","NA","NA","NA"
"418","IMPC","fwd","WT2","NA","NA","NA","NA"
"419","IMPD","fwd","WT2","0.30316584200000002","1.0388862E-2","0.15864410300000001","0.50298972600000003"
"420","IMPD","fwd","WT2","0.30316584200000002","1.0388862E-2","0.15864410300000001","0.50298972600000003"
"421","IMPD","fwd","WT1","0.21880970699999999","1.27E-5","0.21166788","0.22513154199999999"
"422","IMPD","fwd","WT1","0.21880970699999999","1.27E-5","0.21166788","0.22513154199999999"
"423","IPMD","fwd","WT2","0.41829632900000002","2.2200000000000001E-5","0.41253912300000001","0.42973040600000001"
"424","IPMD","fwd","WT2","0.41829632900000002","2.2200000000000001E-5","0.41253912300000001","0.42973040600000001"
"425","IPMD","fwd","WT1","0.39614228200000001","1.03E-5","0.39143145899999998","0.40305390600000002"
"426","IPMD","fwd","WT1","0.39614228200000001","1.03E-5","0.39143145899999998","0.40305390600000002"
"427","IPPS","fwd","WT2","0.41829632900000002","2.2200000000000001E-5","0.41253912300000001","0.42973040600000001"
"428","IPPS","fwd","WT1","0.39614228200000001","1.03E-5","0.39143145899999998","0.40305390600000002"
"429","IPPS","fwd","WT1","0.39614228200000001","1.03E-5","0.39143145899999998","0.40305390600000002"
"430","IPPS","fwd","WT2","0.41829632900000002","2.2200000000000001E-5","0.41253912300000001","0.42973040600000001"
"431","KARA1","fwd","WT1","NA","NA","NA","NA"
"432","KARA1","fwd","WT1","NA","NA","NA","NA"
"433","KARA1","fwd","WT2","NA","NA","NA","NA"
"434","KARA1","fwd","WT2","NA","NA","NA","NA"
"435","KARA2","fwd","WT1","0.25545674499999999","4.3000000000000003E-6","0.25241891900000002","0.25991378300000001"
"436","KARA2","fwd","WT2","0.269743028","9.2499999999999995E-6","0.26603042999999998","0.27711641999999997"
"437","KARA2","fwd","WT1","0.25545674499999999","4.3000000000000003E-6","0.25241891900000002","0.25991378300000001"
"438","KARA2","fwd","WT2","0.269743028","9.2499999999999995E-6","0.26603042999999998","0.27711641999999997"
"439","KAS15","fwd","WT2","0.29924787400000002","1.1399999999999999E-5","0.29512918700000002","0.30742777599999999"
"440","KAS15","fwd","WT2","0.29924787400000002","1.1399999999999999E-5","0.29512918700000002","0.30742777599999999"
"441","KAS15","fwd","WT1","0.28339893900000002","5.2900000000000002E-6","0.28002883099999998","0.28834349300000001"
"442","KAS15","fwd","WT1","0.28339893900000002","5.2900000000000002E-6","0.28002883099999998","0.28834349300000001"
"443","MALt2_2pp","fwd","WT1","NA","NA","NA","NA"
"444","MALt2_2pp","fwd","WT1","NA","NA","NA","NA"
"445","MALt2_2pp","fwd","WT2","NA","NA","NA","NA"
"446","MALt2_2pp","fwd","WT2","NA","NA","NA","NA"
"447","MDH","fwd","WT1","1.968773772","7.7214323000000001E-2","1.407975151","2.465535816"
"448","MDH","fwd","WT1","1.968773772","7.7214323000000001E-2","1.407975151","2.465535816"
"449","MDH","fwd","WT2","1.0212809350000001","0.414815402","5.6248761000000001E-2","2.4091760689999999"
"450","MDH","fwd","WT2","1.0212809350000001","0.414815402","5.6248761000000001E-2","2.4091760689999999"
"451","ME1","fwd","WT1","0.13981142999999999","5.1206740000000001E-2","-0.22573522600000001","0.59841672199999996"
"452","ME1","fwd","WT1","0.13981142999999999","5.1206740000000001E-2","-0.22573522600000001","0.59841672199999996"
"453","ME1","fwd","WT2","0.34646653799999999","0.18423257300000001","-0.33074628499999997","1.240907486"
"454","ME1","fwd","WT2","0.34646653799999999","0.18423257300000001","-0.33074628499999997","1.240907486"
"455","ME2","fwd","WT1","3.4325050000000002E-3","7.8499999999999994E-6","-1.7215679999999999E-3","8.6090679999999992E-3"
"456","ME2","fwd","WT1","3.4325050000000002E-3","7.8499999999999994E-6","-1.7215679999999999E-3","8.6090679999999992E-3"
"457","ME2","fwd","WT2","0.26814848000000002","0.129106159","-0.21162557700000001","1.084589083"
"458","ME2","fwd","WT2","0.26814848000000002","0.129106159","-0.21162557700000001","1.084589083"
"459","MTHFC","fwd","WT2","1.025755357","2.2657559999999998E-3","0.92646174299999995","1.0911881109999999"
"460","MTHFC","fwd","WT1","0.86850502900000004","4.9599999999999999E-5","0.85817521100000005","0.88363772600000001"
"461","MTHFC","fwd","WT2","1.025755357","2.2657559999999998E-3","0.92646174299999995","1.0911881109999999"
"462","MTHFC","fwd","WT1","0.86850502900000004","4.9599999999999999E-5","0.85817521100000005","0.88363772600000001"
"463","MTHFD","fwd","WT2","1.025755357","2.2657559999999998E-3","0.92646174299999995","1.0911881109999999"
"464","MTHFD","fwd","WT1","0.86850502900000004","4.9599999999999999E-5","0.85817521100000005","0.88363772600000001"
"465","MTHFD","fwd","WT1","0.86850502900000004","4.9599999999999999E-5","0.85817521100000005","0.88363772600000001"
"466","MTHFD","fwd","WT2","1.025755357","2.2657559999999998E-3","0.92646174299999995","1.0911881109999999"
"467","MTHFR2","fwd","WT2","0.15084267600000001","2.8899999999999999E-6","0.14876655799999999","0.154965941"
"468","MTHFR2","fwd","WT1","0.14285365999999999","1.3400000000000001E-6","0.14115488100000001","0.14534607499999999"
"469","MTHFR2","fwd","WT1","0.14285365999999999","1.3400000000000001E-6","0.14115488100000001","0.14534607499999999"
"470","MTHFR2","fwd","WT2","0.15084267600000001","2.8899999999999999E-6","0.14876655799999999","0.154965941"
"471","NH4tpp","fwd","WT2","10.038736370000001","1.2810775E-2","9.9005686130000008","10.31314396"
"472","NTP5","fwd","WT1","2.1536189999999998E-3","9.1500000000000005E-6","-2.1099349999999998E-3","8.4203320000000009E-3"
"473","NTP5","fwd","WT1","2.1536189999999998E-3","9.1500000000000005E-6","-2.1099349999999998E-3","8.4203320000000009E-3"
"474","NTP5","fwd","WT2","0.15166443099999999","9.3532349000000001E-2","-0.26775835799999997","0.864763222"
"475","NTP5","fwd","WT2","0.15166443099999999","9.3532349000000001E-2","-0.26775835799999997","0.864763222"
"476","OMPDC","fwd","WT1","0.28985896999999999","5.5300000000000004E-6","0.28641204199999998","0.29491623500000003"
"477","OMPDC","fwd","WT1","0.28985896999999999","5.5300000000000004E-6","0.28641204199999998","0.29491623500000003"
"478","OMPDC","fwd","WT2","0.30606917900000002","1.19E-5","0.30185660800000003","0.31443554099999999"
"479","OMPDC","fwd","WT2","0.30606917900000002","1.19E-5","0.30185660800000003","0.31443554099999999"
"480","ORPT","fwd","WT1","NA","NA","NA","NA"
"481","ORPT","fwd","WT1","NA","NA","NA","NA"
"482","ORPT","fwd","WT2","NA","NA","NA","NA"
"483","ORPT","fwd","WT2","NA","NA","NA","NA"
"484","P5CR","fwd","WT2","0.20524252700000001","5.3499999999999996E-6","0.202414392","0.21084872700000001"
"485","P5CR","fwd","WT2","0.20524252700000001","5.3499999999999996E-6","0.202414392","0.21084872700000001"
"486","P5CR","fwd","WT1","0.194858064","6.8600000000000004E-6","0.19065407500000001","0.20056054800000001"
"487","P5CR","fwd","WT1","0.194858064","6.8600000000000004E-6","0.19065407500000001","0.20056054800000001"
"488","PGCD","fwd","WT1","1.7680883380000001","0.101493849","1.2425010780000001","2.3036887749999999"
"489","PGCD","fwd","WT2","1.629446258","0.27197832900000002","0.84832936199999998","2.8468906930000002"
"490","PGCD","fwd","WT2","1.629446258","0.27197832900000002","0.84832936199999998","2.8468906930000002"
"491","PGCD","fwd","WT1","1.7680883380000001","0.101493849","1.2425010780000001","2.3036887749999999"
"492","PGI","fwd","WT2","11.356064979999999","2.1035980999999999E-2","11.049455699999999","11.57917913"
"493","PGI","fwd","WT1","12.69598279","1.1829921E-2","12.524370859999999","12.927782479999999"
"494","PGI","fwd","WT1","12.69598279","1.1829921E-2","12.524370859999999","12.927782479999999"
"495","PGI","fwd","WT2","11.356064979999999","2.1035980999999999E-2","11.049455699999999","11.57917913"
"496","PGK","fwd","WT1","NA","NA","NA","NA"
"497","PGK","fwd","WT1","NA","NA","NA","NA"
"498","PGK","fwd","WT2","NA","NA","NA","NA"
"499","PGK","fwd","WT2","NA","NA","NA","NA"
"500","PGL","fwd","WT2","2.3132753400000001","2.4761459999999999E-2","1.9898505710000001","2.5890233650000001"
"501","PGL","fwd","WT2","2.3132753400000001","2.4761459999999999E-2","1.9898505710000001","2.5890233650000001"
"502","PGL","fwd","WT1","0.56373477100000002","9.2897069999999995E-3","0.33516775799999998","0.68463967000000003"
"503","PGL","fwd","WT1","0.56373477100000002","9.2897069999999995E-3","0.33516775799999998","0.68463967000000003"
"504","PPC","fwd","WT1","2.7355740669999999","4.8924922000000003E-2","2.2557832100000001","3.042223973"
"505","PPC","fwd","WT1","2.7355740669999999","4.8924922000000003E-2","2.2557832100000001","3.042223973"
"506","PPC","fwd","WT2","3.1236077940000002","0.19309215199999999","2.1597409729999999","3.7646200219999999"
"507","PPC","fwd","WT2","3.1236077940000002","0.19309215199999999","2.1597409729999999","3.7646200219999999"
"508","PPCK","fwd","WT1","4.6835934000000003E-2","4.8056846E-2","-0.24389348599999999","0.55200335700000003"
"509","PPCK","fwd","WT1","4.6835934000000003E-2","4.8056846E-2","-0.24389348599999999","0.55200335700000003"
"510","PPCK","fwd","WT2","0.104603948","3.9097834999999997E-2","-0.17363429399999999","0.56637604200000002"
"511","PPCK","fwd","WT2","0.104603948","3.9097834999999997E-2","-0.17363429399999999","0.56637604200000002"
"512","PPND","fwd","WT1","0.121451129","9.7100000000000011E-7","0.120006864","0.123570127"
"513","PPND","fwd","WT2","0.12824321899999999","2.0899999999999999E-6","0.12647814900000001","0.13174873100000001"
"514","PPND","fwd","WT2","0.12824321899999999","2.0899999999999999E-6","0.12647814900000001","0.13174873100000001"
"515","PPND","fwd","WT1","0.121451129","9.7100000000000011E-7","0.120006864","0.123570127"
"516","PPNDH","fwd","WT1","0.16289975700000001","1.75E-6","0.16096259500000001","0.16574192200000001"
"517","PPNDH","fwd","WT1","0.16289975700000001","1.75E-6","0.16096259500000001","0.16574192200000001"
"518","PPNDH","fwd","WT2","0.172009839","3.76E-6","0.16964238800000001","0.176711706"
"519","PPNDH","fwd","WT2","0.172009839","3.76E-6","0.16964238800000001","0.176711706"
"520","PPS","fwd","WT1","5.18669666","10.866511210000001","0.27927897400000001","12.067352079999999"
"521","PPS","fwd","WT1","5.18669666","10.866511210000001","0.27927897400000001","12.067352079999999"
"522","PPS","fwd","WT2","0.27338001099999998","0.13941730699999999","-0.27062417500000002","1.0631328840000001"
"523","PPS","fwd","WT2","0.27338001099999998","0.13941730699999999","-0.27062417500000002","1.0631328840000001"
"524","PRAGSr","fwd","WT1","0.39370540500000001","1.0200000000000001E-5","0.38902356100000002","0.40057451199999999"
"525","PRAGSr","fwd","WT1","0.39370540500000001","1.0200000000000001E-5","0.38902356100000002","0.40057451199999999"
"526","PRAGSr","fwd","WT2","0.41572316999999998","2.1999999999999999E-5","0.410001381","0.42708691100000001"
"527","PRAGSr","fwd","WT2","0.41572316999999998","2.1999999999999999E-5","0.410001381","0.42708691100000001"
"528","PRAIi","fwd","WT2","5.2776018000000001E-2","3.5400000000000002E-7","5.2049637000000003E-2","5.4218642999999997E-2"
"529","PRAIi","fwd","WT1","4.9980864E-2","1.6400000000000001E-7","4.9386504999999997E-2","5.0852897000000001E-2"
"530","PRAIi","fwd","WT1","4.9980864E-2","1.6400000000000001E-7","4.9386504999999997E-2","5.0852897000000001E-2"
"531","PRAIi","fwd","WT2","5.2776018000000001E-2","3.5400000000000002E-7","5.2049637000000003E-2","5.4218642999999997E-2"
"532","PRAIS","fwd","WT1","0.39370540500000001","1.0200000000000001E-5","0.38902356100000002","0.40057451199999999"
"533","PRAIS","fwd","WT1","0.39370540500000001","1.0200000000000001E-5","0.38902356100000002","0.40057451199999999"
"534","PRAIS","fwd","WT2","0.41572316999999998","2.1999999999999999E-5","0.410001381","0.42708691100000001"
"535","PRAIS","fwd","WT2","0.41572316999999998","2.1999999999999999E-5","0.410001381","0.42708691100000001"
"536","PRAMPC","fwd","WT2","8.7959391999999997E-2","9.8400000000000002E-7","8.6748767000000004E-2","9.0363751000000006E-2"
"537","PRAMPC","fwd","WT2","8.7959391999999997E-2","9.8400000000000002E-7","8.6748767000000004E-2","9.0363751000000006E-2"
"538","PRAMPC","fwd","WT1","8.3300837000000003E-2","4.5699999999999998E-7","8.2310245000000004E-2","8.4754213999999994E-2"
"539","PRAMPC","fwd","WT1","8.3300837000000003E-2","4.5699999999999998E-7","8.2310245000000004E-2","8.4754213999999994E-2"
"540","PRASCSi","fwd","WT1","0.393503614","1.0200000000000001E-5","0.38882417000000002","0.40036919999999998"
"541","PRASCSi","fwd","WT2","0.415510094","2.19E-5","0.40979123699999997","0.42686801000000002"
"542","PRASCSi","fwd","WT2","0.415510094","2.19E-5","0.40979123699999997","0.42686801000000002"
"543","PRASCSi","fwd","WT1","0.393503614","1.0200000000000001E-5","0.38882417000000002","0.40036919999999998"
"544","PRATPP","fwd","WT2","8.7959391999999997E-2","9.8400000000000002E-7","8.6748767000000004E-2","9.0363751000000006E-2"
"545","PRATPP","fwd","WT2","8.7959391999999997E-2","9.8400000000000002E-7","8.6748767000000004E-2","9.0363751000000006E-2"
"546","PRATPP","fwd","WT1","8.3300837000000003E-2","4.5699999999999998E-7","8.2310245000000004E-2","8.4754213999999994E-2"
"547","PRATPP","fwd","WT1","8.3300837000000003E-2","4.5699999999999998E-7","8.2310245000000004E-2","8.4754213999999994E-2"
"548","PRFGS","fwd","WT1","0.39370540500000001","1.0200000000000001E-5","0.38902356100000002","0.40057451199999999"
"549","PRFGS","fwd","WT2","0.41572316999999998","2.1999999999999999E-5","0.410001381","0.42708691100000001"
"550","PRFGS","fwd","WT2","0.41572316999999998","2.1999999999999999E-5","0.410001381","0.42708691100000001"
"551","PRFGS","fwd","WT1","0.39370540500000001","1.0200000000000001E-5","0.38902356100000002","0.40057451199999999"
"552","PRMICI","fwd","WT1","8.3300837000000003E-2","4.5699999999999998E-7","8.2310245000000004E-2","8.4754213999999994E-2"
"553","PRMICI","fwd","WT1","8.3300837000000003E-2","4.5699999999999998E-7","8.2310245000000004E-2","8.4754213999999994E-2"
"554","PRMICI","fwd","WT2","8.7959391999999997E-2","9.8400000000000002E-7","8.6748767000000004E-2","9.0363751000000006E-2"
"555","PRMICI","fwd","WT2","8.7959391999999997E-2","9.8400000000000002E-7","8.6748767000000004E-2","9.0363751000000006E-2"
"556","PRPPS","fwd","WT1","1.2399913659999999","1.0640752999999999E-2","1.0351028550000001","1.419676473"
"557","PRPPS","fwd","WT1","1.2399913659999999","1.0640752999999999E-2","1.0351028550000001","1.419676473"
"558","PRPPS","fwd","WT2","0.98889851100000004","3.4532600000000001E-3","0.87465431800000004","1.07893489"
"559","PRPPS","fwd","WT2","0.98889851100000004","3.4532600000000001E-3","0.87465431800000004","1.07893489"
"560","PSCVT","fwd","WT2","0.35537291399999998","1.6099999999999998E-5","0.35048175300000001","0.365086988"
"561","PSCVT","fwd","WT1","0.336551453","7.4599999999999997E-6","0.33254926899999998","0.342423376"
"562","PSCVT","fwd","WT1","0.336551453","7.4599999999999997E-6","0.33254926899999998","0.342423376"
"563","PSCVT","fwd","WT2","0.35537291399999998","1.6099999999999998E-5","0.35048175300000001","0.365086988"
"564","PSERT","fwd","WT1","1.7680883380000001","0.101493849","1.2425010780000001","2.3036887749999999"
"565","PSERT","fwd","WT1","1.7680883380000001","0.101493849","1.2425010780000001","2.3036887749999999"
"566","PSERT","fwd","WT2","1.629446258","0.27197832900000002","0.84832936199999998","2.8468906930000002"
"567","PSERT","fwd","WT2","1.629446258","0.27197832900000002","0.84832936199999998","2.8468906930000002"
"568","PSP_L","fwd","WT2","1.629446258","0.27197832900000002","0.84832936199999998","2.8468906930000002"
"569","PSP_L","fwd","WT1","1.7680883380000001","0.101493849","1.2425010780000001","2.3036887749999999"
"570","PSP_L","fwd","WT2","1.629446258","0.27197832900000002","0.84832936199999998","2.8468906930000002"
"571","PSP_L","fwd","WT1","1.7680883380000001","0.101493849","1.2425010780000001","2.3036887749999999"
"572","RBK","fwd","WT1","NA","NA","NA","NA"
"573","RBK","fwd","WT1","NA","NA","NA","NA"
"574","RBK","fwd","WT2","NA","NA","NA","NA"
"575","RBK","fwd","WT2","NA","NA","NA","NA"
"576","SDPDS","fwd","WT1","0.32668902399999999","7.0299999999999996E-6","0.322804121","0.332388874"
"577","SDPDS","fwd","WT2","0.34495893399999999","1.5099999999999999E-5","0.34021110500000001","0.35438834200000002"
"578","SDPDS","fwd","WT1","0.32668902399999999","7.0299999999999996E-6","0.322804121","0.332388874"
"579","SDPDS","fwd","WT2","0.34495893399999999","1.5099999999999999E-5","0.34021110500000001","0.35438834200000002"
"580","SDPTA","fwd","WT1","NA","NA","NA","NA"
"581","SDPTA","fwd","WT1","NA","NA","NA","NA"
"582","SDPTA","fwd","WT2","NA","NA","NA","NA"
"583","SDPTA","fwd","WT2","NA","NA","NA","NA"
"584","SERAT","fwd","WT2","0.315196845","8.8997303999999999E-2","-3.9406394999999997E-2","1.0395756249999999"
"585","SERAT","fwd","WT2","0.315196845","8.8997303999999999E-2","-3.9406394999999997E-2","1.0395756249999999"
"586","SERAT","fwd","WT1","0.22773692800000001","1.4100000000000001E-5","0.22092584300000001","0.234906954"
"587","SERAT","fwd","WT1","0.22773692800000001","1.4100000000000001E-5","0.22092584300000001","0.234906954"
"588","SHSL1","fwd","WT2","0.149349231","2.8399999999999999E-6","0.14729366899999999","0.15343167299999999"
"589","SHSL1","fwd","WT2","0.149349231","2.8399999999999999E-6","0.14729366899999999","0.15343167299999999"
"590","SHSL1","fwd","WT1","0.14143931300000001","1.3200000000000001E-6","0.139757352","0.14390705100000001"
"591","SHSL1","fwd","WT1","0.14143931300000001","1.3200000000000001E-6","0.139757352","0.14390705100000001"
"592","SO4t2pp","fwd","WT1","0.228017673","3.4199999999999999E-6","0.22530614500000001","0.231995971"
"593","SO4t2pp","fwd","WT2","0.24076944","7.3699999999999997E-6","0.23745561900000001","0.24735084199999999"
"594","SUCCt2_2pp","fwd","WT1","1.10926E-4","3.5300000000000001E-6","-2.9328549999999998E-3","4.3964870000000001E-3"
"595","SUCCt2_2pp","fwd","WT1","1.10926E-4","3.5300000000000001E-6","-2.9328549999999998E-3","4.3964870000000001E-3"
"596","SUCCt2_2pp","fwd","WT2","4.7164699999999997E-2","5.1164596E-2","-0.34220614900000002","0.54136456700000002"
"597","SUCCt2_2pp","fwd","WT2","4.7164699999999997E-2","5.1164596E-2","-0.34220614900000002","0.54136456700000002"
"598","T2DECAI","fwd","WT2","0.13661147700000001","2.3700000000000002E-6","0.13473123000000001","0.140345735"
"599","T2DECAI","fwd","WT1","0.12937618300000001","1.1000000000000001E-6","0.12783767500000001","0.13163345200000001"
"600","T2DECAI","fwd","WT1","0.12937618300000001","1.1000000000000001E-6","0.12783767500000001","0.13163345200000001"
"601","T2DECAI","fwd","WT2","0.13661147700000001","2.3700000000000002E-6","0.13473123000000001","0.140345735"
"602","THDPS","fwd","WT2","0.34495893399999999","1.5099999999999999E-5","0.34021110500000001","0.35438834200000002"
"603","THDPS","fwd","WT1","0.32668902399999999","7.0299999999999996E-6","0.322804121","0.332388874"
"604","THDPS","fwd","WT2","0.34495893399999999","1.5099999999999999E-5","0.34021110500000001","0.35438834200000002"
"605","THDPS","fwd","WT1","0.32668902399999999","7.0299999999999996E-6","0.322804121","0.332388874"
"606","THRS","fwd","WT2","0.48184166699999997","9.5655800000000004E-4","0.43065192800000002","0.53558057199999998"
"607","THRS","fwd","WT2","0.48184166699999997","9.5655800000000004E-4","0.43065192800000002","0.53558057199999998"
"608","THRS","fwd","WT1","0.58718063899999995","3.3748300000000002E-4","0.549143029","0.61760780000000004"
"609","THRS","fwd","WT1","0.58718063899999995","3.3748300000000002E-4","0.549143029","0.61760780000000004"
"610","TMDS","fwd","WT1","2.2445873000000002E-2","3.32E-8","2.2178951999999998E-2","2.2837493E-2"
"611","TMDS","fwd","WT1","2.2445873000000002E-2","3.32E-8","2.2178951999999998E-2","2.2837493E-2"
"612","TMDS","fwd","WT2","2.3701145999999999E-2","7.1400000000000004E-8","2.3374935999999999E-2","2.4349013999999999E-2"
"613","TMDS","fwd","WT2","2.3701145999999999E-2","7.1400000000000004E-8","2.3374935999999999E-2","2.4349013999999999E-2"
"614","TPI","fwd","WT2","11.392440000000001","0.26267482800000003","10.21168117","12.129673240000001"
"615","TPI","fwd","WT1","11.62678285","9.9344380000000003E-3","11.42010808","11.80498165"
"616","TPI","fwd","WT1","11.62678285","9.9344380000000003E-3","11.42010808","11.80498165"
"617","TPI","fwd","WT2","11.392440000000001","0.26267482800000003","10.21168117","12.129673240000001"
"618","VALTA","fwd","WT1","NA","NA","NA","NA"
"619","VALTA","fwd","WT1","NA","NA","NA","NA"
"620","VALTA","fwd","WT2","NA","NA","NA","NA"
"621","VALTA","fwd","WT2","NA","NA","NA","NA"
"622","VPAMTr","fwd","WT1","NA","NA","NA","NA"
"623","VPAMTr","fwd","WT1","NA","NA","NA","NA"
"624","VPAMTr","fwd","WT2","NA","NA","NA","NA"
"625","VPAMTr","fwd","WT2","NA","NA","NA","NA"
