#string_external_id	abundance
b3495	45935
b3986	12183
b3339	10296
b1779	8675
b3980	8595
b0440	8148
b1823	7607
b1237	7523
b1094	7063
b4015	6737
b3236	6597
b1677	6011
b2779	5839
b3065	5808
b3510	5773
b2926	5619
b0957	5583
b3908	5547
b3341	5543
b2096	5508
b3315	5469
b4000	5456
b3303	5130
b4143	5112
b3298	4873
b0605	4833
b2185	4803
b0014	4741
b3296	4591
b4142	4556
b3314	4539
b0755	4480
b3460	4471
b0023	4401
b4203	4337
b3637	4182
b3317	4159
b1136	4117
b2417	4115
b3305	4110
b3985	4071
b2609	4070
b2093	4058
b3294	4028
b2414	4010
b3308	4001
b4202	3890
b3307	3871
b3321	3843
b4243	3826
b3984	3815
b3304	3768
b2551	3754
b3340	3698
b0903	3655
b0170	3538
b4200	3534
b1716	3505
b2095	3504
b3312	3482
b3301	3470
b3310	3455
b3309	3445
b2606	3419
b0169	3405
b3231	3383
b3732	3329
b3320	3328
b0911	3309
b2579	3276
b3319	3240
b3230	3209
b0623	3201
b3983	3190
b3165	3140
b1324	3133
b2665	3075
b1415	3070
b1482	2951
b2007	2888
b4226	2812
b3302	2808
b3313	2804
b3928	2785
b2925	2783
b1480	2723
b3306	2692
b3734	2663
b1712	2653
b4245	2647
b3316	2580
b1241	2569
b0436	2559
b3636	2527
b3342	2492
b0114	2473
b0812	2436
b3708	2417
b4177	2371
b1243	2357
b3544	2354
b3919	2342
b3297	2323
b0197	2301
b3703	2288
b0008	2267
b3186	2248
b2415	2247
b0116	2230
b0811	2207
b3185	2186
b1923	2177
b0474	2164
b2150	2164
b1089	2144
b3774	2107
b3609	2107
b2518	2106
b0329	2038
b3831	2037
b4244	2023
b1004	2017
b2029	2016
b3829	2005
b2310	2003
b0912	1996
b2094	1972
b4014	1972
b1288	1968
b2323	1955
b0728	1948
b1676	1935
b0729	1908
b3781	1907
b3295	1905
b3098	1896
b3203	1891
b2913	1881
b3751	1880
b3311	1834
b0118	1786
b0172	1766
b1920	1755
b3433	1717
b3517	1699
b4034	1676
b0178	1668
b0607	1656
b3783	1630
b0753	1622
b0115	1607
b0928	1602
b2498	1592
b0720	1557
b0407	1556
b0525	1552
b3649	1514
b2614	1476
b2942	1467
b0166	1464
b0415	1457
b4401	1436
b4045	1434
b2476	1431
b3764	1427
b0907	1421
b4069	1420
b2416	1416
b3988	1414
b4139	1414
b3870	1413
b3509	1401
b0954	1398
b1718	1394
b3936	1393
b0727	1392
b1817	1381
b0426	1371
b2914	1370
b1739	1369
b2508	1369
b4255	1353
b3987	1352
b3349	1323
b1093	1298
b3164	1296
b1656	1289
b0889	1270
b2687	1256
b4025	1250
b1092	1238
b0631	1234
b1376	1230
b3942	1220
b3403	1219
b2309	1211
b1641	1206
b1251	1199
b2592	1196
b2215	1194
b2597	1174
b1857	1164
b1283	1161
b2935	1148
b1215	1137
b3357	1133
b1850	1131
b0953	1124
b2530	1116
b1304	1115
b1905	1108
b2809	1104
b0655	1095
b4411	1091
b1493	1086
b2153	1083
b0163	1060
b1003	1054
b4376	1043
b1654	1042
b3318	1038
b3926	1038
b1761	1035
b3736	1035
b0897	1033
b4172	1027
b1550	1015
b3336	1015
b1175	1013
b0930	1011
b0437	1011
b2464	1011
b2266	1010
b2669	1009
b0074	1004
b1261	1004
b0471	1000
b1260	995
b2480	992
b2962	990
b4384	988
b3731	986
b0237	983
b3733	982
b2696	982
b2097	981
b3229	972
b0814	963
b1207	958
b0325	947
b3982	934
b0884	931
b2296	927
b3024	925
b2091	916
b1103	908
b0134	906
b3414	903
b0929	898
b2890	890
b0004	889
b3169	888
b0724	887
b3912	883
b0222	883
b3735	882
b0565	880
b2297	877
b1967	876
b2529	876
b0095	868
b0863	858
b0071	855
b3251	850
b0073	845
b3588	834
b4147	833
b3713	828
b1667	824
b1440	820
b1174	817
b3556	813
b1854	810
b1123	809
b0684	804
b3610	803
b3916	802
b4383	801
b3956	797
b4207	796
b0723	796
b0754	791
b3619	790
b2080	772
b1219	769
b0893	769
b1452	768
b0473	766
b1809	759
b1051	757
b3559	756
b0161	753
b0578	752
b0194	748
b1333	747
b3181	742
b3168	741
b2465	738
b0733	738
b0740	733
b1539	732
b4051	731
b1604	729
b3347	729
b0185	724
b1091	724
b3363	723
b2507	721
b1131	719
b0767	718
b1064	718
b0145	711
b1836	705
b3858	705
b3299	700
b3233	700
b1444	697
b0726	692
b2699	692
b1635	691
b2922	686
b2294	686
b0072	684
b1719	683
b2217	680
b3180	676
b4006	675
b3426	674
b3029	672
b0126	668
b0453	663
b1866	660
b0523	660
b1973	656
b0880	650
b0782	648
b2400	642
b0854	642
b0838	640
b0180	637
b3737	636
b3384	631
b2042	629
b2463	628
b3192	628
b3031	625
b1611	623
b1062	620
b0741	619
b4381	614
b1431	613
b3255	609
b4391	608
b1740	603
b3506	602
b1852	599
b1308	597
b3067	596
b1426	595
b3386	591
b0763	591
b1714	588
b2425	588
b2499	586
b0053	586
b3871	585
b1516	585
b0391	584
b2531	582
b3167	580
b1732	579
b2523	579
b0642	578
b1702	573
b0734	573
b0683	572
b4037	571
b3172	571
b0819	571
b0595	568
b2155	567
b2697	563
b0033	563
b1602	563
b0032	557
b1130	553
b2898	553
b1236	552
b1002	552
b0756	550
b4059	546
b1713	544
b4144	544
b0492	539
b1886	538
b4227	537
b3938	536
b1101	535
b2019	534
b1882	533
b2521	531
b1710	528
b0888	527
b3612	526
b1619	523
b0382	523
b1831	521
b2330	520
b0688	519
b0220	518
b3012	517
b0680	515
b3176	512
b0026	511
b3728	510
b0133	508
b1717	508
b2904	504
b0606	503
b0438	499
b0002	498
b3405	497
b2316	496
b1881	496
b3458	495
b1783	492
b1541	485
b1048	484
b2478	482
b3209	477
b2239	475
b0463	473
b3178	471
b0439	471
b2000	470
b1108	469
b1276	468
b0965	468
b3729	467
b2600	466
b1864	466
b3611	465
b0871	464
b3256	459
b2514	459
b4234	458
b2231	456
b2114	451
b3553	450
b2557	449
b2143	449
b3929	446
b3744	443
b1642	442
b4108	440
b3560	439
b1637	439
b2989	435
b0337	433
b4005	432
b0643	432
b3453	430
b2599	428
b1084	428
b1765	427
b0860	425
b1743	425
b2525	425
b0154	423
b0917	423
b2513	418
b2477	418
b3498	417
b0674	416
b0932	413
b0758	412
b0078	412
b4258	411
b3847	410
b3931	409
b1178	406
b4129	406
b2171	404
b1819	403
b0181	403
b1406	403
b0710	403
b1221	401
b2780	401
b2959	401
b3253	401
b2891	401
b1614	401
b1259	400
b2976	398
b3234	395
b2234	394
b2908	393
b3860	392
b1095	390
b1067	388
b2516	388
b3213	388
b0434	388
b4219	387
b3261	387
b0584	385
b3035	385
b2924	384
b1109	383
b3600	383
b4174	383
b4153	383
b4252	382
b0839	382
b1778	381
b1849	380
b3156	379
b1273	378
b1258	378
b0441	375
b3042	371
b3742	371
b2020	370
b2617	369
b2581	369
b2036	365
b1263	365
b1613	365
b4214	362
b1919	359
b0168	356
b0759	354
b3671	353
b3001	352
b0171	349
b2343	349
b0469	349
b1847	346
b3212	345
b2039	342
b1492	342
b2661	340
b1446	340
b1000	340
b3092	340
b0722	340
b4054	339
b1232	337
b2937	335
b3699	335
b2021	335
b1603	333
b2286	333
b1200	331
b1818	330
b0104	330
b3359	329
b1662	328
b1479	328
b0098	328
b3830	327
b0296	327
b2553	327
b0678	326
b3006	325
b3962	325
b3775	324
b1203	324
b0865	323
b2905	323
b3941	322
b0809	321
b1380	321
b4232	320
b1764	317
b3472	315
b1612	315
b2569	315
b4057	315
b4175	313
b4160	313
b4216	313
b3836	313
b3554	312
b4517	310
b1647	310
b4260	310
b0125	309
b3362	309
b2763	307
b0177	305
b0866	304
b2283	304
b3602	303
b3429	303
b3113	301
b1651	300
b0410	300
b3008	299
b2262	299
b1197	299
b1262	299
b2903	298
b0660	296
b3430	296
b3183	296
b2796	295
b3995	295
b1638	295
b2662	294
b3464	294
b3644	293
b1257	291
b2133	289
b0416	289
b0386	289
b1658	288
b3005	287
b0632	287
b2131	286
b0757	286
b3866	285
b1685	285
b3640	284
b0156	283
b1901	282
b0432	282
b3846	282
b1264	281
b2027	280
b0422	280
b2495	280
b2585	279
b0742	279
b3770	278
b2022	276
b3401	276
b2608	275
b2103	275
b2512	274
b1888	272
b3448	272
b1414	272
b1930	271
b0800	270
b1538	270
b1887	270
b3204	269
b1267	269
b4235	268
b3011	267
b0891	267
b2938	267
b0159	265
b3748	265
b1449	263
b2900	263
b1908	262
b4154	262
b1827	262
b2977	261
b0031	261
b3175	261
b3833	260
b2764	260
b0801	257
b2388	256
b3201	256
b3052	255
b0435	255
b0238	255
b1127	255
b4393	253
b3287	252
b4002	252
b0882	252
b2901	252
b2287	249
b3863	248
b2235	248
b2842	247
b0598	246
b3300	244
b0450	244
b0963	244
b0015	243
b0945	243
b0526	243
b0028	243
b4135	242
b1412	242
b1780	242
b4518	241
b4107	240
b2610	240
b0243	239
b2320	239
b4506	239
b2281	239
b2672	239
b2893	238
b0966	237
b3346	237
b1042	236
b1071	235
b3698	234
b1749	234
b3617	231
b2951	231
b0419	231
b4407	230
b0679	230
b3945	229
b0570	229
b1517	229
b0699	228
b3939	227
b2511	227
b2533	227
b2827	226
b3599	226
b2426	225
b1035	224
b2241	222
b0594	222
b3190	222
b2595	221
b0451	221
b2104	221
b2684	219
b2751	218
b2564	217
b0389	216
b3922	215
b2041	215
b0593	214
b3291	213
b0287	213
b3959	212
b2947	212
b1983	211
b0345	210
b2957	210
b3780	209
b0721	209
b0344	208
b3923	208
b1128	208
b1955	207
b0179	207
b0910	206
b2026	206
b2752	206
b3566	206
b4179	205
b4355	205
b2284	205
b3845	205
b0557	204
b2741	203
b3390	203
b2303	203
b1723	202
b1033	201
b0387	201
b1334	201
b3701	200
b2909	200
b4254	200
b3511	199
b1876	198
b0864	198
b2285	198
b1830	197
b1928	196
b0573	196
b3661	196
b4406	196
b1256	195
b3687	195
b0411	195
b0369	194
b2524	194
b2431	194
b3150	193
b3409	193
b4322	193
b0687	192
b2910	191
b0918	190
b1623	190
b0528	189
b1738	189
b2016	188
b2300	187
b0393	185
b3288	185
b3500	185
b0596	185
b1792	184
b4024	184
b1646	184
b2515	183
b2958	183
b0990	182
b3028	182
b0830	182
b1896	181
b0003	181
b3932	181
b1279	181
b1430	180
b1682	180
b0212	180
b1725	179
b2025	179
b3417	179
b0773	178
b0923	178
b0641	176
b4554	176
b0077	176
b2790	175
b1586	175
b3388	175
b3003	175
b3279	175
b3743	173
b1286	173
b2023	173
b3356	172
b3803	171
b2576	171
b3389	171
b2107	171
b4382	171
b4558	170
b0908	169
b2312	169
b2601	169
b2954	168
b0870	168
b0927	168
b3697	167
b3865	167
b4035	166
b0196	166
b0586	165
b3526	165
b3807	164
b0121	164
b3960	164
b2843	164
b3200	164
b2762	162
b0529	162
b2187	162
b3102	161
b0381	161
b3228	161
b1832	161
b3670	160
b2916	159
b3993	159
b1583	159
b1018	158
b3439	158
b2676	157
b2834	157
b0109	157
b3068	157
b2169	157
b3616	156
b3463	156
b0094	156
b3189	155
b3816	155
b0827	155
b1678	155
b2532	154
b3191	154
b4396	153
b0825	153
b3055	153
b1087	152
b0068	152
b1199	152
b3961	151
b2679	151
b4162	151
b1748	151
b2988	150
b0851	149
b3461	149
b3592	149
b2288	149
b0480	149
b1105	148
b0628	148
b1680	147
b1274	147
b2183	147
b1070	145
b2319	145
b4013	144
b2232	144
b0242	144
b0805	143
b0356	143
b2113	143
b4375	142
b0686	142
b4021	142
b4303	141
b0481	140
b3705	140
b3385	140
b0431	140
b1478	140
b2799	139
b1704	139
b1564	139
b2304	137
b0956	137
b2571	137
b3639	136
b4565	136
b2421	135
b3910	135
b0610	135
b3153	135
b2242	134
b0677	134
b2567	133
b1187	133
b0931	133
b0820	133
b3114	133
b0424	132
b0675	132
b1867	132
b0357	131
b3607	131
b0651	130
b3428	130
b0131	130
b2299	130
b3725	130
b2329	129
b0785	129
b1272	129
b0189	129
b3608	128
b2960	128
b1661	128
b4041	128
b3957	127
b4537	127
b2471	127
b4068	126
b3087	126
b4064	125
b1536	125
b1727	125
b3730	125
b2168	124
b1189	124
b4208	124
b0452	124
b3648	123
b4122	123
b1056	122
b1305	122
b0207	122
b1133	122
b3408	122
b3885	122
b1782	121
b0394	121
b0408	121
b1275	121
b3041	120
b3686	120
b2065	120
b3193	119
b0085	119
b0443	119
b3244	119
b3407	119
b1760	119
b2412	118
b1861	118
b3924	118
b1329	116
b3724	116
b0849	115
b0902	115
b1179	115
b4233	114
b0484	114
b1917	114
b1976	113
b2009	113
b2149	112
b1487	112
b1088	112
b0783	112
b4111	112
b3259	111
b1737	111
b4036	110
b1946	110
b1829	110
b0571	110
b2872	110
b1217	110
b2688	110
b1059	109
b2040	109
b4305	109
b0658	109
b0334	109
b1953	108
b0199	108
b0082	108
b2897	107
b3887	107
b0413	107
b1846	106
b0637	106
b3440	106
b2994	106
b3161	105
b2948	105
b1117	104
b2167	104
b1557	104
b2418	104
b0150	103
b3089	103
b3706	103
b3844	103
b3997	103
b2568	101
b3455	101
b1209	101
b4222	101
b3125	100
b4138	99.8
b3527	99.7
b1537	99.2
b3282	98.7
b1045	98.6
b1581	98.6
b0659	98.1
b4487	98.1
b1729	97.4
b2253	97.3
b1423	97.3
b1281	97.1
b3170	96.4
b4168	96.3
b4067	96.1
b1083	95.9
b2024	95.7
b2186	94.8
b4213	94.7
b3197	94.6
b2450	94.2
b0390	94.1
b1912	93.8
b0924	93.4
b0054	93.4
b0048	93.1
b2742	93.1
b0120	92.6
b0112	92.4
b4395	92.3
b4113	92.2
b0804	92.2
b0123	92.1
b4263	91.9
b0592	90.5
b1186	90.5
b3070	90.4
b3802	89.6
b1693	89.5
b4137	89.4
b3605	89.2
b3037	89.1
b2290	88.6
b4173	88.4
b0456	86.8
b0029	86.4
b3438	86.4
b2833	86.1
b0091	86.1
b2620	86.1
b1461	85.7
b4180	85.7
b2573	85.1
b1462	85.0
b3198	84.4
b4397	84.4
b3994	84.1
b4161	83.7
b1982	83.6
b3552	83.5
b2594	83.1
b2034	82.8
b1126	82.8
b2392	82.6
b3843	82.5
b3454	82.1
b0581	82.1
b3162	81.8
b4055	81.8
b0331	81.5
b1885	81.4
b1252	81.3
b2240	81.2
b2746	81.0
b0006	80.3
b0506	78.9
b3894	78.9
b2279	78.8
b0088	78.7
b0772	78.3
b3146	78.2
b1768	77.9
b1703	77.9
b2795	77.9
b1277	77.8
b0268	77.4
b0124	77.1
b1377	76.5
b3838	76.3
b3432	75.9
b2804	75.8
b0102	75.6
b1848	75.5
b1204	75.5
b3147	75.4
b0009	75.3
b2081	75.3
b3447	75.2
b2700	75.2
b0904	75.0
b1269	74.9
b0462	74.6
b1593	74.4
b3205	74.2
b4046	74.1
b0779	74.1
b3034	74.0
b0080	73.9
b0922	73.7
b0221	73.0
b3541	72.9
b1079	72.9
b2494	72.6
b3999	72.2
b1684	72.0
b0030	71.9
b2243	71.9
b3891	71.5
b2527	71.3
b0961	71.3
b4392	71.0
b2587	71.0
b0522	70.7
b0711	70.6
b3528	70.5
b4043	70.4
b4360	70.3
b4206	70.3
b1839	70.0
b3487	69.9
b0388	69.8
b1724	69.6
b1687	69.5
b1498	69.4
b3868	69.4
b3225	69.0
b3518	69.0
b4354	68.5
b2526	68.4
b4314	68.4
b0712	68.1
b0409	68.1
b1247	67.7
b2500	67.6
b0127	67.5
b0051	67.4
b4511	67.4
b1787	67.3
b4110	67.2
b3071	67.1
b3888	67.1
b2137	67.1
b0384	67.0
b0784	67.0
b0778	66.9
b1043	66.9
b0737	66.9
b3771	66.8
b3940	66.8
b4269	66.3
b0182	66.1
b1767	65.8
b4019	65.7
b2818	65.6
b0333	65.5
b4058	65.3
b3738	65.3
b0515	65.0
b1180	64.7
b2293	64.6
b3809	64.6
b1284	64.6
b2038	64.4
b0661	64.3
b1422	63.8
b2675	63.4
b1014	63.0
b0485	62.7
b3155	62.5
b1624	62.5
b4371	62.4
b1244	62.4
b1686	62.0
b0421	61.7
b3927	61.6
b2154	61.3
b1584	61.2
b2344	61.2
b3348	61.1
b0092	60.9
b3727	60.5
b1198	60.5
b0572	60.5
b0947	60.1
b3543	59.5
b0420	59.5
b1814	59.5
b2066	59.4
b3099	59.3
b0241	59.1
b0494	59.0
b0086	59.0
b0414	58.9
b1246	58.9
b0968	58.9
b0354	58.8
b3752	58.7
b1400	58.7
b0423	58.5
b1307	58.5
b3195	58.5
b2473	58.4
b0174	58.0
b3540	58.0
b3400	57.9
b2325	57.8
b0761	57.7
b0574	57.6
b4323	57.5
b1245	57.5
b3361	57.4
b1981	56.8
b3481	56.5
b1914	56.5
b2439	56.1
b0187	56.1
b1038	56.1
b3493	55.8
b3450	55.4
b1924	55.4
b0597	55.3
b1120	55.3
b0662	55.2
b4127	54.3
b2566	54.3
b2301	54.2
b1347	54.2
b2132	54.2
b2369	54.0
b2501	53.9
b3418	53.8
b2668	53.7
b3179	53.6
b3054	53.5
b2079	53.4
b1132	53.4
b3202	53.4
b0489	53.1
b2794	53.1
b4295	53.0
b4090	52.8
b0444	52.7
b3958	52.6
b1194	52.4
b2517	52.0
b3210	51.8
b2255	51.7
b1034	51.6
b1441	51.6
b0676	51.4
b3893	51.3
b3992	51.3
b2528	51.3
b1870	51.1
b2379	51.1
b2678	51.0
b3839	51.0
b1124	50.6
b1625	50.6
b1325	50.5
b1114	49.5
b0633	49.3
b3634	49.3
b1834	49.1
b1675	49.1
b4194	49.1
b1922	48.9
b3097	48.9
b2315	48.8
b1636	48.8
b0059	48.5
b2811	48.4
b4152	48.4
b3038	48.4
b0273	48.2
b2306	48.2
b4192	48.1
b2209	47.6
b3019	47.5
b3072	47.4
b0739	47.3
b2895	47.3
b0835	47.2
b4149	47.0
b2125	46.9
b3677	46.5
b0090	46.4
b2593	46.2
b1521	46.1
b0967	45.9
b3470	45.8
b1945	45.7
b0417	45.7
b1049	45.5
b1990	45.5
b3247	45.5
b0652	45.4
b3513	45.3
b1102	45.2
b0119	45.2
b1608	45.2
b0914	45.2
b2475	45.1
b3289	45.0
b3187	44.9
b2411	44.7
b0406	44.3
b0887	44.0
b2584	43.9
b0055	43.5
b1681	43.2
b1063	43.0
b3850	42.9
b4328	42.8
b3281	42.8
b2193	42.7
b0608	42.5
b1082	42.5
b3813	42.3
b0200	42.3
b4119	42.2
b3812	42.2
b0962	42.1
b3572	42.1
b2249	42.0
b3820	41.9
b3221	41.9
b2252	41.9
b4049	41.8
b2032	41.8
b3449	41.8
b0738	41.8
b3755	41.7
b4480	41.7
b0096	41.6
b0579	41.6
b0810	41.6
b1224	41.6
b1421	41.5
b3963	41.4
b1805	41.3
b3523	41.3
b1295	41.3
b1270	41.3
b2784	41.2
b4056	41.2
b0239	41.2
b2259	41.2
b3786	41.1
b2105	41.0
b0149	41.0
b2552	40.9
b3972	40.7
b1323	40.7
b1939	40.6
b1225	40.4
b1356	40.3
b3991	40.3
b2393	40.2
b0458	40.1
b3117	40.0
b1176	40.0
b0493	40.0
b1098	39.9
b1897	39.8
b3785	39.6
b2870	39.6
b2936	39.5
b0611	39.5
b3826	39.4
b1427	39.3
b4390	39.3
b3149	39.3
b2291	38.9
b0397	38.8
b0383	38.6
b3966	38.5
b4352	38.4
b2012	38.3
b4238	38.3
b2497	38.2
b1519	38.1
b3741	38.0
b3397	37.8
b2422	37.7
b2342	37.6
b4088	37.4
b4349	37.1
b2346	36.8
b3512	36.7
b0999	36.7
b1915	36.6
b1683	36.5
b1271	36.2
b0970	35.7
b0143	35.6
b4302	35.4
b1177	35.3
b0973	35.3
b3590	35.2
b2086	35.0
b4052	35.0
b1321	35.0
b1192	34.9
b0585	34.8
b0025	34.6
b2182	34.5
b2351	34.5
b3355	34.5
b4211	34.3
b1185	34.2
b3981	34.1
b3965	34.0
b3462	33.9
b2413	33.9
b3933	33.8
b1086	33.8
b3177	33.4
b2745	33.3
b3884	33.2
b1382	33.1
b1874	33.0
b2664	32.7
b1650	32.6
b1580	32.6
b0750	32.5
b4256	32.5
b1255	32.4
b2502	32.4
b2052	32.3
b2582	32.3
b1927	32.2
b0905	32.2
b1757	32.1
b2829	32.1
b0949	32.0
b3469	31.9
b0886	31.9
b0122	31.9
b1282	31.8
b0588	31.7
b1119	31.7
b2838	31.4
b1424	31.3
b1190	31.2
b0312	31.2
b0429	31.1
b4239	31.0
b2302	30.7
b1330	30.6
b1040	30.6
b2580	30.5
b0822	30.3
b1921	30.3
b3702	30.2
b4167	30.2
b4178	30.2
b1944	30.1
b0630	30.1
b1726	29.9
b3132	29.9
b1211	29.7
b3974	29.7
b2011	29.5
b1777	29.3
b2366	29.1
b1378	29.0
b2314	28.9
b2750	28.8
b1890	28.8
b1668	28.6
b0736	28.6
b4394	28.5
b4070	28.5
b1806	28.2
b2472	28.1
b4023	28.0
b2147	27.8
b0460	27.8
b3630	27.7
b1322	27.5
b0226	27.4
b3053	27.3
b2906	27.2
b1555	27.2
b0113	27.1
b4262	27.1
b3412	27.0
b1640	27.0
b1112	26.8
b0890	26.8
b2677	26.6
b0627	26.6
b1807	26.5
b2993	26.5
b3410	26.5
b3032	26.5
b1851	26.4
b2146	26.4
b3094	26.3
b0982	26.3
b1107	26.3
b2099	26.2
b1490	26.2
b1015	25.8
b0636	25.8
b4280	25.8
b0467	25.8
b0948	25.8
b1188	25.8
b0101	25.7
b2053	25.6
b3499	25.6
b3237	25.6
b2428	25.6
b4388	25.6
b3704	25.2
b4386	25.1
b3223	25.0
b3574	25.0
b2765	25.0
b3791	25.0
b3950	24.9
b1570	24.7
b2331	24.6
b1205	24.5
b3524	24.5
b3789	24.5
b0198	24.3
b2927	24.2
b3081	24.2
b3892	24.2
b0969	24.2
b2468	23.9
b2607	23.9
b3459	23.9
b1342	23.8
b2432	23.7
b0774	23.6
b2806	23.5
b2216	23.4
b3650	23.3
b1066	23.3
b3834	23.3
b3805	23.2
b3062	23.2
b2017	23.1
b0223	23.0
b3821	23.0
b4190	22.9
b2980	22.9
b2708	22.8
b1306	22.8
b3425	22.8
b1326	22.7
b4291	22.7
b3655	22.6
b3740	22.6
b3869	22.6
b4261	22.5
b0855	22.5
b0765	22.4
b2282	22.4
b2048	22.3
b0167	22.3
b1171	22.2
b3002	22.2
b3642	22.1
b0343	22.0
b1100	22.0
b3749	22.0
b1663	21.9
b2340	21.9
b3352	21.9
b0760	21.8
b4240	21.8
b0951	21.7
b3290	21.7
b2159	21.6
b3129	21.6
b0049	21.5
b3917	21.5
b0261	21.5
b0342	21.4
b3163	21.4
b3365	21.4
b3794	21.3
b3345	21.3
b3061	21.2
b1860	21.1
b4377	21.0
b3641	20.8
b2267	20.7
b4265	20.7
b4316	20.7
b1250	20.6
b1379	20.6
b1335	20.6
b1563	20.5
b3772	20.5
b2743	20.4
b1971	20.4
b4367	20.3
b3064	20.3
b2479	20.3
b3018	20.3
b0604	20.3
b2996	20.3
b1875	20.2
b2646	20.1
b3058	20.1
b0151	20.1
b1076	20.1
b2563	19.9
b0477	19.8
b0795	19.8
b1090	19.8
b0478	19.6
b3160	19.5
b4042	19.5
b2673	19.4
b1511	19.4
b3049	19.4
b0052	19.4
b2467	19.3
b2830	19.1
b2793	19.0
b0399	18.9
b3378	18.9
b3105	18.9
b1552	18.8
b1929	18.8
b2997	18.7
b2276	18.6
b3825	18.6
b1518	18.6
b0599	18.5
b4536	18.4
b4053	18.4
b2615	18.3
b2441	18.2
b2520	18.1
b3465	18.1
b1657	18.0
b1617	18.0
b0430	17.7
b2690	17.7
b3467	17.7
b1341	17.7
b3226	17.6
b3232	17.6
b2744	17.6
b0894	17.6
b1068	17.4
b3998	17.4
b4403	17.4
b4195	17.2
b1871	17.2
b1634	17.2
b3955	17.1
b1970	17.1
b3996	17.0
b3206	16.9
b4350	16.9
b4378	16.9
b1280	16.9
b2844	16.8
b2946	16.8
b1735	16.7
b1344	16.7
b1182	16.7
b2733	16.7
b3056	16.7
b3017	16.6
b0952	16.6
b2821	16.5
b4220	16.5
b2278	16.4
b1705	16.4
b3199	16.4
b1208	16.4
b3437	16.4
b1858	16.3
b3091	16.3
b4242	16.3
b1249	16.2
b0208	16.1
b1679	16.1
b1238	16.0
b2487	16.0
b0807	16.0
b3591	15.9
b2881	15.9
b3806	15.9
b2434	15.9
b1770	15.8
b0219	15.8
b3100	15.8
b1448	15.8
b1540	15.8
b1993	15.8
b0983	15.8
b3779	15.7
b4259	15.7
b0246	15.7
b1037	15.6
b1234	15.6
b2777	15.5
b3406	15.5
b2685	15.4
b2440	15.4
b3857	15.3
b4123	15.2
b0209	15.2
b1855	15.2
b0925	15.1
b3431	15.1
b2311	15.1
b2952	15.0
b1253	14.9
b2797	14.8
b1413	14.8
b4187	14.7
b2289	14.7
b0470	14.7
b4071	14.7
b4097	14.6
b0346	14.6
b0183	14.6
b2813	14.6
b3651	14.6
b3416	14.6
b2562	14.5
b0042	14.5
b2798	14.5
b0981	14.5
b1766	14.5
b0876	14.3
b3133	14.3
b3166	14.3
b2124	14.3
b1853	14.3
b2965	14.2
b0081	14.1
b2071	14.1
b0069	14.1
b1191	14.0
b3689	14.0
b1494	14.0
b1549	14.0
b3920	14.0
b3368	14.0
b0821	14.0
b3248	13.9
b0920	13.8
b0324	13.8
b2630	13.7
b1248	13.7
b4072	13.7
b3952	13.7
b0269	13.7
b2457	13.6
b0465	13.6
b0892	13.5
b2033	13.5
b3973	13.5
b0291	13.4
b0994	13.4
b1820	13.4
b1889	13.3
b2964	13.3
b2949	13.2
b2064	13.2
b1913	13.1
b1938	13.1
b1134	13.1
b2812	13.1
b1055	13.1
b3030	13.1
b1591	13.1
b3746	13.1
b0400	13.0
b1047	13.0
b0797	13.0
b3787	12.9
b3292	12.9
b4196	12.9
b2522	12.8
b1116	12.7
b2770	12.7
b3194	12.7
b3788	12.6
b1513	12.6
b0919	12.6
b2840	12.6
b1958	12.5
b2805	12.5
b1622	12.4
b2735	12.4
b2701	12.4
b0041	12.4
b4022	12.4
b0405	12.2
b1206	12.2
b1883	12.2
b1800	12.2
b1629	12.2
b1106	12.2
b1825	12.1
b0352	12.1
b1652	12.1
b2879	12.1
b0488	12.0
b2212	12.0
b3925	12.0
b0046	11.9
b0472	11.8
b1013	11.8
b1589	11.8
b3633	11.8
b0087	11.8
b3597	11.7
b2085	11.7
b3804	11.7
b4551	11.7
b2875	11.7
b4471	11.6
b0841	11.6
b2828	11.6
b3842	11.6
b1457	11.6
b1475	11.6
b0844	11.5
b3152	11.5
b2455	11.5
b2028	11.5
b3115	11.5
b1957	11.4
b0537	11.4
b0802	11.4
b2572	11.4
b4389	11.4
b2157	11.4
b2878	11.4
b4189	11.4
b2341	11.4
b1019	11.4
b4087	11.3
b3145	11.3
b2254	11.3
b0878	11.3
b1104	11.3
b3343	11.3
b1639	11.3
b0062	11.2
b2720	11.2
b3810	11.2
b2998	11.1
b4209	11.1
b0559	11.1
b2377	11.0
b4479	11.0
b0766	10.9
b3967	10.9
b0600	10.8
b1706	10.8
b3828	10.8
b0304	10.8
b3344	10.7
b0877	10.7
b1822	10.7
b3514	10.7
b3835	10.7
b2747	10.7
b0192	10.6
b0685	10.6
b1566	10.5
b1746	10.5
b0111	10.5
b1299	10.5
b3623	10.5
b1266	10.4
b4171	10.4
b0495	10.3
b1077	10.3
b0621	10.2
b2222	10.2
b0176	10.2
b2324	10.2
b3235	10.1
b4467	10.1
b2865	10.1
b4170	10.1
b4183	10.1
b3515	10.1
b3669	10.0
b1525	9.94
b1435	9.94
b0551	9.89
b0978	9.86
b0881	9.85
b0490	9.85
b2265	9.77
b2667	9.76
b3896	9.76
b2808	9.69
b0713	9.68
b2659	9.68
b3688	9.63
b3714	9.51
b2381	9.48
b2618	9.43
b3867	9.41
b2810	9.39
b4596	9.39
b4483	9.38
b0050	9.35
b0828	9.35
b1664	9.34
b1932	9.34
b4016	9.3
b4310	9.26
b3568	9.23
b1841	9.2
b4351	9.18
b3073	9.15
b3546	9.12
b4039	9.06
b4198	9.02
b1507	9.01
b3486	8.98
b4073	8.95
b3387	8.9
b1598	8.89
b4131	8.83
b4191	8.8
b2438	8.79
b2955	8.79
b2436	8.78
b3093	8.77
b1078	8.77
b4361	8.76
b1294	8.74
b0577	8.72
b2069	8.71
b1918	8.7
b2206	8.64
b2509	8.64
b2194	8.62
b1512	8.6
b2470	8.6
b2902	8.59
b0475	8.58
b2871	8.57
b4362	8.57
b3522	8.56
b3293	8.46
b4372	8.45
b3618	8.44
b2261	8.43
b1046	8.42
b1233	8.41
b0418	8.4
b3652	8.37
b0188	8.29
b3250	8.25
b3329	8.24
b2792	8.24
b1287	8.2
b0468	8.2
b3551	8.14
b3613	8.14
b2574	8.14
b1691	8.1
b2173	8.09
b1129	8.07
b2063	8.06
b0775	8.02
b1531	8.01
b3525	8.0
b4218	8.0
b0895	7.95
b1590	7.95
b3020	7.94
b3795	7.93
b4484	7.92
b2245	7.9
b0695	7.9
b3745	7.88
b4150	7.86
b1072	7.86
b2748	7.85
b0308	7.84
b1193	7.84
b4094	7.82
b2496	7.78
b1631	7.74
b1210	7.72
b1110	7.7
b0476	7.68
b3239	7.65
b0186	7.65
b3911	7.65
b4398	7.64
b2560	7.63
b3778	7.62
b1467	7.62
b0103	7.57
b3664	7.57
b4155	7.57
b2210	7.56
b0980	7.51
b4333	7.49
b1845	7.49
b0654	7.49
b0459	7.44
b2313	7.43
b3900	7.42
b2781	7.42
b2554	7.36
b2492	7.36
b2907	7.36
b0084	7.35
b0817	7.33
b2165	7.31
b2394	7.31
b0019	7.28
b2892	7.28
b4126	7.27
b3625	7.27
b1842	7.21
b4140	7.2
b3946	7.19
b1096	7.19
b0587	7.18
b1816	7.18
b3476	7.17
b2728	7.16
b1520	7.12
b1118	7.09
b1610	7.06
b1813	7.06
b0355	7.03
b2218	7.01
b0110	7.0
b3653	6.98
b4336	6.96
b0425	6.95
b3558	6.95
b0657	6.93
b3529	6.89
b2352	6.87
b1534	6.86
b4105	6.84
b4461	6.83
b3874	6.83
b1061	6.83
b1097	6.81
b0798	6.78
b0093	6.78
b0378	6.77
b3626	6.76
b0707	6.75
b2423	6.72
b1594	6.7
b1941	6.7
b2802	6.69
b3530	6.68
b2318	6.68
b0214	6.67
b0058	6.66
b0412	6.65
b2493	6.64
b2717	6.62
b1618	6.6
b1731	6.59
b0138	6.58
b2727	6.56
b1418	6.55
b3918	6.51
b2435	6.5
b4089	6.48
b1327	6.48
b3873	6.43
b2963	6.42
b3441	6.41
b1099	6.39
b0401	6.39
b4124	6.38
b2129	6.38
b2447	6.37
b3811	6.3
b0829	6.27
b0868	6.27
b1784	6.26
b0487	6.26
b1992	6.25
b3620	6.23
b2983	6.21
b3503	6.17
b3396	6.16
b2787	6.14
b2619	6.14
b0142	6.14
b1786	6.14
b0776	6.13
b4464	6.13
b3083	6.11
b0336	6.09
b2156	6.05
b4079	6.04
b0972	6.03
b3897	6.01
b0310	6.01
b0063	5.99
b3118	5.98
b1969	5.96
b0160	5.95
b2256	5.93
b4215	5.92
b3399	5.91
b0716	5.89
b0227	5.85
b1794	5.85
b2869	5.82
b1916	5.81
b4112	5.8
b0575	5.77
b4547	5.76
b1991	5.75
b2880	5.72
b1895	5.7
b1754	5.7
b1353	5.69
b3606	5.68
b1111	5.65
b3066	5.65
b0867	5.64
b3182	5.64
b1162	5.63
b1340	5.62
b1464	5.61
b1195	5.61
b2127	5.59
b0483	5.57
b1879	5.56
b1884	5.56
b4221	5.56
b3252	5.55
b1009	5.53
b3220	5.53
b3632	5.52
b1235	5.51
b1508	5.5
b0376	5.5
b3040	5.46
b1616	5.46
b3750	5.46
b0479	5.46
b3394	5.44
b1605	5.4
b0862	5.4
b3353	5.4
b1673	5.35
b0751	5.35
b4557	5.34
b2670	5.31
b3739	5.31
b4040	5.31
b0706	5.29
b0840	5.28
b1961	5.28
b0351	5.25
b3615	5.24
b3497	5.21
b4093	5.21
b0620	5.2
b0984	5.2
b4001	5.19
b1776	5.19
b0290	5.18
b0272	5.18
b0616	5.17
b1399	5.16
b2789	5.15
b1278	5.15
b0195	5.13
b1374	5.12
b0792	5.1
b3398	5.07
b1872	5.06
b2953	5.06
b4077	5.06
b1962	5.05
b0524	5.04
b3895	5.04
b3126	5.03
b2180	5.01
b2176	5.01
b4312	5.01
b3392	5.0
b4266	5.0
b1450	4.99
b3101	4.99
b2188	4.99
b4595	4.99
b0508	4.98
b0307	4.97
b1069	4.95
b4098	4.92
b1648	4.92
b0694	4.91
b0939	4.9
b4410	4.89
b0955	4.88
b0653	4.87
b2460	4.86
b1900	4.83
b3480	4.81
b0173	4.81
b1388	4.81
b4251	4.78
b4044	4.77
b1290	4.76
b1135	4.74
b4241	4.74
b0833	4.73
b0184	4.72
b1587	4.72
b2202	4.71
b2611	4.68
b3375	4.67
b0786	4.66
b2536	4.66
b0848	4.65
b0831	4.65
b0064	4.65
b1925	4.64
b2160	4.63
b3026	4.62
b1474	4.61
b0901	4.6
b0617	4.59
b2250	4.58
b3934	4.58
b4481	4.58
b2874	4.57
b2134	4.57
b2956	4.55
b3404	4.54
b1892	4.54
b2660	4.53
b1571	4.53
b3832	4.53
b1763	4.53
b4415	4.51
b2347	4.5
b0693	4.49
b1956	4.45
b3904	4.45
b1298	4.44
b0635	4.43
b4253	4.43
b1495	4.4
b0873	4.39
b1812	4.37
b1383	4.37
b3629	4.36
b2837	4.34
b3579	4.34
b2961	4.34
b1799	4.34
b0190	4.34
b2142	4.31
b3325	4.29
b1904	4.28
b1633	4.27
b3021	4.27
b0330	4.27
b1320	4.26
b3822	4.26
b1020	4.24
b0083	4.24
b0857	4.24
b3222	4.23
b3051	4.23
b1801	4.23
b3915	4.22
b1314	4.22
b0826	4.21
b2328	4.21
b1503	4.2
b0619	4.2
b2616	4.19
b0634	4.18
b0217	4.16
b2317	4.15
b1145	4.15
b2308	4.15
b1620	4.15
b2181	4.14
b1804	4.14
b3131	4.13
b2836	4.13
b4169	4.12
b0974	4.12
b4387	4.08
b2268	4.05
b3848	4.04
b1940	4.04
b1810	4.03
b3947	4.02
b4358	4.0
b4248	4.0
b4145	4.0
b0879	4.0
b2123	3.97
b4345	3.97
b2100	3.96
b2398	3.96
b0996	3.94
b0936	3.94
b2803	3.94
b0985	3.94
b1793	3.94
b2220	3.92
b3565	3.92
b2917	3.91
b1756	3.91
b3594	3.9
b3549	3.88
b3333	3.88
b1214	3.86
b4373	3.86
b2776	3.81
b2345	3.8
b0790	3.79
b1902	3.79
b3379	3.77
b4526	3.76
b2883	3.76
b2074	3.75
b4292	3.75
b3570	3.74
b0491	3.7
b1163	3.68
b2642	3.68
b2674	3.66
b3700	3.66
b2819	3.64
b4472	3.63
b2831	3.57
b3538	3.57
b3391	3.57
b0146	3.56
b4541	3.56
b3354	3.55
b3351	3.54
b0612	3.54
b3322	3.52
b0503	3.52
b2644	3.51
b2912	3.5
b0780	3.5
b2264	3.49
b2623	3.49
b1947	3.48
b4065	3.47
b3685	3.47
b1545	3.47
b0295	3.46
b4117	3.42
b1469	3.42
b4020	3.42
b3243	3.41
b1222	3.41
b0147	3.4
b0568	3.39
b2817	3.36
b2112	3.36
b0960	3.35
b4311	3.32
b3456	3.32
b1125	3.3
b3492	3.3
b4003	3.29
b2453	3.29
b4278	3.29
b0448	3.29
b1736	3.28
b1392	3.28
b0365	3.28
b3631	3.28
b3635	3.27
b1828	3.27
b3238	3.26
b0162	3.22
b0764	3.22
b0278	3.22
b2151	3.22
b1468	3.2
b0796	3.2
b1621	3.19
b3537	3.18
b2230	3.18
b3424	3.17
b2172	3.16
b2559	3.15
b1671	3.15
b0148	3.15
b2561	3.14
b0730	3.13
b0770	3.13
b4018	3.12
b1747	3.11
b2786	3.09
b3726	3.08
b2333	3.08
b0271	3.06
b0995	3.06
b2707	3.05
b2148	3.05
b2211	3.04
b1302	3.03
b1561	3.03
b4290	3.03
b4264	3.02
b0645	3.02
b0260	3.02
b1073	3.02
b4348	3.01
b1835	3.0
b3603	3.0
b0921	2.99
b4379	2.99
b0228	2.98
b2135	2.98
b0314	2.98
b2504	2.97
b4304	2.96
b1024	2.96
b2889	2.96
b3889	2.94
b2144	2.93
b3063	2.93
b3360	2.92
b4327	2.92
b1429	2.91
b2698	2.91
b1859	2.9
b0567	2.9
b3442	2.9
b3519	2.9
b3856	2.9
b2822	2.89
b1223	2.87
b1268	2.87
b3494	2.87
b4066	2.87
b1303	2.87
b0099	2.86
b2442	2.86
b0556	2.86
b0861	2.85
b2543	2.85
b1558	2.85
b4197	2.85
b1524	2.85
b1968	2.84
b2277	2.84
b3542	2.84
b1607	2.83
b0639	2.82
b2175	2.82
b3582	2.81
b3095	2.81
b1165	2.81
b2068	2.81
b2430	2.79
b4317	2.78
b0175	2.77
b1606	2.77
b2705	2.76
b0732	2.76
b0935	2.76
b2919	2.75
b1216	2.75
b4146	2.74
b1300	2.73
b3280	2.73
b1393	2.73
b1159	2.73
b2846	2.73
b1694	2.72
b2226	2.72
b3859	2.72
b1649	2.72
b3614	2.71
b4374	2.7
b2718	2.7
b1745	2.7
b3074	2.7
b3906	2.69
b1372	2.69
b0039	2.69
b0047	2.69
b3415	2.68
b0482	2.68
b2782	2.68
b1140	2.67
b3084	2.67
b3680	2.65
b3154	2.65
b2729	2.64
b4217	2.64
b0361	2.63
b1402	2.63
b1996	2.63
b2860	2.63
b3045	2.63
b4273	2.63
b0520	2.62
b2867	2.61
b4109	2.61
b3088	2.6
b2555	2.6
b1390	2.59
b4468	2.59
b0789	2.58
b3082	2.58
b3668	2.58
b0847	2.57
b1689	2.56
b2558	2.55
b2714	2.55
b3265	2.54
b3025	2.53
b0349	2.53
b1985	2.53
b0544	2.52
b2724	2.52
b2979	2.52
b1863	2.52
b0566	2.52
b0139	2.52
b1708	2.51
b4182	2.5
b3010	2.49
b1218	2.48
b0231	2.48
b1054	2.47
b3059	2.47
b2195	2.47
b3116	2.46
b2791	2.45
b2419	2.45
b2625	2.44
b0926	2.43
b0215	2.42
b1856	2.42
b4136	2.41
b0708	2.41
b4237	2.41
b1695	2.4
b0640	2.4
b1869	2.4
b2409	2.4
b0447	2.38
b0449	2.38
b2237	2.37
b2721	2.36
b2049	2.36
b2756	2.36
b0514	2.35
b2703	2.35
b4324	2.34
b1350	2.33
b1292	2.33
b1227	2.31
b0885	2.31
b1113	2.31
b0859	2.31
b1771	2.31
b0874	2.31
b1530	2.3
b1460	2.3
b3484	2.3
b4546	2.29
b0338	2.29
b3488	2.29
b2375	2.28
b0284	2.28
b2118	2.28
b3719	2.27
b2015	2.27
b1535	2.26
b1994	2.25
b3533	2.23
b2382	2.23
b1596	2.22
b2383	2.22
b0106	2.22
b2101	2.22
b1722	2.22
b1443	2.22
b2098	2.21
b3124	2.2
b0289	2.2
b0144	2.2
b2102	2.19
b4298	2.19
b2943	2.19
b0569	2.19
b1291	2.19
b4359	2.18
b4309	2.18
b3130	2.17
b3628	2.17
b3075	2.17
b0043	2.15
b1343	2.14
b2896	2.14
b0516	2.13
b0768	2.13
b3158	2.12
b0915	2.12
b1709	2.12
b0989	2.11
b2778	2.11
b1688	2.11
b0846	2.1
b0066	2.1
b3581	2.1
b0872	2.1
b1542	2.08
b0615	2.07
b3818	2.06
b0360	2.05
b1403	2.05
b1997	2.05
b2861	2.05
b3044	2.05
b4272	2.05
b0224	2.05
b2067	2.04
b3047	2.04
b3475	2.04
b1293	2.04
b1297	2.03
b0089	2.03
b0045	2.03
b1697	2.03
b2214	2.02
b2263	2.01
b4485	1.99
b2894	1.99
b1529	1.99
b3930	1.99
b4092	1.98
b0250	1.98
b2014	1.98
b2062	1.98
b3882	1.97
b4030	1.97
b0341	1.97
b2671	1.97
b3587	1.97
b1575	1.96
b3564	1.96
b4622	1.96
b2427	1.96
b1451	1.95
b1644	1.95
b2839	1.94
b4469	1.94
b3663	1.93
b2704	1.93
b2730	1.93
b2556	1.92
b3709	1.92
b0097	1.92
b3128	1.92
b4017	1.92
b3208	1.92
b0155	1.92
b0638	1.91
b1781	1.91
b2174	1.91
b0824	1.91
b0853	1.91
b3009	1.91
b2753	1.91
b1811	1.9
b3350	1.89
b2510	1.89
b1797	1.88
b2636	1.88
b1496	1.88
b0251	1.88
b1751	1.87
b2899	1.87
b0512	1.86
b1653	1.85
b1609	1.85
b2370	1.84
b0794	1.84
b3555	1.84
b2260	1.83
b1242	1.83
b1734	1.83
b2755	1.83
b2738	1.83
b0428	1.82
b2443	1.81
b0496	1.81
b3157	1.81
b1365	1.81
b2873	1.81
b3421	1.81
b2921	1.8
b0464	1.79
b1447	1.79
b4335	1.79
b3266	1.79
b1759	1.78
b1880	1.78
b3899	1.78
b3196	1.78
b0993	1.78
b1465	1.78
b3148	1.78
b0842	1.77
b3747	1.76
b3949	1.75
b2295	1.75
b3601	1.75
b0367	1.74
b0292	1.73
b4380	1.73
b3862	1.73
b2758	1.72
b3562	1.71
b1375	1.71
b0916	1.71
b2013	1.7
b1554	1.69
b2251	1.69
b3715	1.68
b3604	1.68
b3676	1.68
b0543	1.68
b3624	1.67
b0650	1.67
b3022	1.67
b0771	1.67
b1226	1.67
b0233	1.66
b0752	1.66
b1597	1.66
b2783	1.66
b2583	1.66
b1381	1.66
b1486	1.65
b3710	1.65
b4293	1.65
b0697	1.64
b1659	1.64
b0454	1.64
b2070	1.64
b2196	1.64
b4080	1.64
b2449	1.64
b2712	1.64
b1137	1.64
b4063	1.63
b2335	1.63
b1075	1.63
b4364	1.63
b1576	1.62
b4287	1.61
b1628	1.6
b2820	1.6
b4400	1.59
b0869	1.59
b4319	1.59
b1454	1.59
b3260	1.59
b2349	1.58
b1141	1.58
b2395	1.58
b0256	1.58
b1404	1.58
b4284	1.58
b1483	1.58
b3674	1.58
b0129	1.57
b0315	1.57
b2940	1.57
b4313	1.57
b1153	1.56
b0852	1.56
b2458	1.56
b2575	1.55
b3954	1.55
b1588	1.55
b3106	1.54
b4159	1.53
b1317	1.53
b1310	1.52
b3773	1.51
b1398	1.51
b3718	1.5
b3953	1.5
b3422	1.49
b1701	1.49
b2140	1.49
b1434	1.49
b3505	1.49
b1844	1.49
b0259	1.49
b0552	1.49
b0656	1.49
b1331	1.49
b2030	1.49
b2192	1.49
b2982	1.49
b3218	1.49
b3283	1.48
b0270	1.47
b3567	1.47
b0545	1.45
b3323	1.45
b4151	1.45
b2424	1.44
b1022	1.44
b2663	1.43
b0622	1.42
b1559	1.42
b0306	1.42
b0714	1.41
b0311	1.41
b2628	1.41
b0781	1.41
b1544	1.4
b0402	1.4
b2950	1.39
b4297	1.39
b1313	1.39
b1285	1.38
b3667	1.37
b3665	1.37
b1843	1.37
b4620	1.36
b4061	1.36
b3085	1.34
b2126	1.34
b3621	1.34
b2768	1.34
b4101	1.34
b3990	1.33
b1753	1.33
b4062	1.33
b2161	1.33
b0958	1.32
b1632	1.31
b4346	1.31
b0016	1.31
b0582	1.31
b0130	1.31
b0504	1.31
b0210	1.31
b2321	1.3
b1595	1.3
b4114	1.3
b2373	1.3
b2451	1.3
b3872	1.3
b1438	1.3
b0834	1.29
b2868	1.29
b2201	1.28
b3331	1.28
b2121	1.28
b3262	1.28
b4033	1.28
b2280	1.28
b3358	1.27
b3039	1.27
b2385	1.26
b0403	1.26
b4320	1.26
b3584	1.26
b1338	1.26
b0591	1.25
b4399	1.25
b1515	1.25
b1942	1.25
b4455	1.25
b2429	1.25
b0554	1.24
b0815	1.24
b1384	1.23
b0564	1.23
b2152	1.23
b2078	1.23
b2474	1.22
b4120	1.22
b3951	1.21
b0368	1.21
b0700	1.21
b0507	1.2
b0158	1.2
b2380	1.2
b2535	1.19
b0946	1.19
b1660	1.19
b1773	1.18
b0933	1.17
b1655	1.17
b1138	1.16
b2410	1.16
b1385	1.16
b2326	1.16
b3647	1.15
b2633	1.14
b3935	1.14
b3861	1.14
b3086	1.13
b2466	1.12
b3784	1.12
b0036	1.11
b3137	1.11
b4004	1.11
b0836	1.11
b4512	1.11
b2247	1.11
b1039	1.1
b0823	1.1
b4201	1.1
b1833	1.1
b2785	1.09
b2944	1.09
b4084	1.09
b2387	1.09
b0363	1.09
b0498	1.08
b2057	1.08
b2005	1.08
b4095	1.08
b1407	1.07
b2702	1.07
b0211	1.07
b3521	1.07
b0832	1.07
b4301	1.06
b0038	1.06
b1615	1.06
b1501	1.06
b4096	1.06
b2075	1.05
b0286	1.05
b3104	1.04
b0321	1.04
b4128	1.03
b3479	1.03
b2305	1.03
b3532	1.03
b1339	1.03
b0445	1.02
b1080	1.02
b3531	1.02
b2184	1.02
b1526	1.02
b1370	1.01
b3264	1.01
b4012	1.01
b2866	1.0
b0232	1.0
b0107	1.0
b3627	1.0
b0347	0.996
b0281	0.996
b0313	0.996
b0404	0.993
b0262	0.992
b1315	0.987
b2731	0.987
b1387	0.979
b3536	0.976
b2503	0.972
b1394	0.97
b0486	0.97
b1643	0.97
b3589	0.963
b3575	0.961
b2374	0.961
b2197	0.958
b3240	0.957
b1484	0.956
b3712	0.952
b2877	0.947
b1815	0.946
b1360	0.945
b1948	0.944
b4385	0.944
b3014	0.939
b2706	0.926
b0350	0.925
b2119	0.923
b2177	0.922
b1485	0.919
b3402	0.917
b4466	0.916
b2719	0.912
b3483	0.905
b0020	0.899
b0037	0.898
b4463	0.896
b4555	0.895
b2570	0.892
b0303	0.891
b1337	0.891
b2975	0.887
b2378	0.886
b3881	0.886
b1466	0.886
b0366	0.884
b3023	0.869
b2037	0.867
b2045	0.865
b2800	0.864
b4188	0.86
b0942	0.859
b1755	0.852
b3989	0.849
b0294	0.845
b2110	0.845
b2399	0.835
b2506	0.833
b0808	0.832
b3136	0.83
b1733	0.823
b1878	0.816
b1906	0.813
b1041	0.807
b1974	0.801
b2043	0.801
b0377	0.8
b2602	0.799
b2832	0.794
b2709	0.791
b1645	0.789
b2757	0.789
b1001	0.785
b0191	0.781
b0320	0.778
b0944	0.778
b0070	0.777
b0252	0.777
b1696	0.776
b2224	0.773
b2603	0.773
b0245	0.764
b2711	0.763
b1491	0.746
b0976	0.745
b0906	0.744
b0535	0.743
b4085	0.735
b1410	0.735
b0940	0.733
b0027	0.732
b2984	0.732
b2887	0.732
b0061	0.731
b2008	0.728
b1585	0.726
b3645	0.716
b0531	0.716
b3690	0.711
b2444	0.708
b0457	0.707
b0646	0.707
b4326	0.705
b3144	0.703
b1146	0.701
b2725	0.701
b4133	0.699
b2876	0.696
b3823	0.696
b0837	0.695
b1630	0.695
b3586	0.693
b2350	0.691
b0614	0.683
b3380	0.682
b2886	0.68
b3207	0.679
b2044	0.678
b2933	0.677
b1865	0.676
b2920	0.673
b2128	0.666
b3076	0.664
b3090	0.664
b0517	0.664
b2716	0.663
b3496	0.663
b3654	0.66
b1752	0.659
b2547	0.659
b3720	0.658
b0788	0.656
b0326	0.655
b2088	0.652
b0950	0.652
b1744	0.649
b0576	0.648
b4166	0.647
b1477	0.646
b0323	0.645
b1987	0.644
b2405	0.642
b1573	0.642
b2046	0.64
b3722	0.638
b2307	0.637
b0283	0.637
b0298	0.635
b0373	0.635
b0540	0.635
b1027	0.635
b0602	0.628
b2647	0.628
b4212	0.623
b4225	0.622
b2548	0.622
b0589	0.622
b1556	0.62
b2372	0.62
b2605	0.618
b0060	0.617
b3151	0.617
b0618	0.616
b2179	0.616
b4081	0.603
b2111	0.603
b1972	0.6
b3678	0.6
b3211	0.599
b1408	0.594
b3501	0.59
b0793	0.589
b2120	0.589
b4706	0.588
b2001	0.585
b2801	0.585
b2054	0.584
b1960	0.581
b4306	0.577
b1808	0.574
b2888	0.57
b0546	0.568
b2362	0.567
b3516	0.563
b4357	0.56
b2710	0.56
b3817	0.559
b1386	0.558
b3569	0.558
b3138	0.557
b0152	0.553
b1336	0.552
b1172	0.552
b0583	0.55
b1497	0.548
b3898	0.546
b1139	0.546
b0548	0.545
b3258	0.54
b2971	0.537
b0380	0.535
b0698	0.532
b4318	0.53
b2248	0.527
b2845	0.524
b1212	0.519
b1868	0.517
b3271	0.517
b2923	0.514
b3473	0.512
b2357	0.511
b2361	0.511
b3371	0.503
b2736	0.502
b2565	0.501
b0644	0.497
b3571	0.497
b2992	0.497
b3792	0.496
b1772	0.496
b3457	0.496
b0022	0.494
b1894	0.494
b3444	0.494
b2270	0.494
b2726	0.493
b4118	0.492
b3638	0.489
b0719	0.488
b3878	0.485
b0137	0.483
b1442	0.483
b4566	0.479
b1144	0.479
b0997	0.475
b0301	0.474
b3666	0.471
b3790	0.465
b2549	0.464
b1692	0.464
b1316	0.46
b2739	0.46
b1074	0.459
b2076	0.459
b3886	0.449
b1439	0.448
b0319	0.445
b4032	0.445
b0007	0.444
b1891	0.443
b4470	0.439
b3327	0.438
b0555	0.438
b0845	0.437
b0806	0.436
b3539	0.436
b0689	0.436
b2760	0.431
b2737	0.431
b3383	0.43
b0731	0.429
b4031	0.429
b0340	0.428
b3508	0.428
b2546	0.427
b4299	0.425
b2272	0.425
b0624	0.425
b3691	0.415
b0497	0.415
b1500	0.414
b1428	0.412
b4509	0.412
b3057	0.409
b3478	0.408
b2489	0.407
b3622	0.401
b2715	0.4
b2542	0.398
b3723	0.395
b4086	0.391
b2774	0.39
b0964	0.39
b4210	0.387
b2622	0.383
b0856	0.38
b2631	0.379
b4353	0.378
b4475	0.377
b0213	0.377
b3507	0.374
b1352	0.371
b1907	0.369
b3905	0.367
b0285	0.366
b2966	0.365
b2626	0.355
b0799	0.355
b2223	0.353
b2384	0.351
b0696	0.345
b1546	0.345
b3646	0.344
b2364	0.343
b3227	0.342
b3903	0.341
b2178	0.34
b1213	0.337
b2010	0.336
b1572	0.335
b0358	0.335
b3482	0.335
b1357	0.334
b2360	0.333
b4331	0.332
b0813	0.328
b0896	0.324
b2203	0.323
b2928	0.319
b1121	0.319
b0225	0.317
b2604	0.316
b4329	0.315
b0590	0.309
b4047	0.307
b4340	0.305
b2060	0.304
b1551	0.304
b4267	0.296
b2221	0.296
b1937	0.292
b1373	0.289
b2050	0.289
b4289	0.287
b0777	0.284
b4050	0.284
b2769	0.28
b0398	0.279
b1514	0.278
b2207	0.278
b4315	0.278
b3675	0.277
b1489	0.276
b1476	0.275
b3471	0.272
b0603	0.272
b0305	0.272
b1351	0.27
b4341	0.269
b2491	0.269
b3215	0.267
b0601	0.266
b0505	0.264
b0959	0.264
b3585	0.263
b2365	0.262
b2213	0.26
b3338	0.257
b2158	0.255
b0427	0.253
b1319	0.251
b3080	0.247
b1164	0.246
b1419	0.245
b3110	0.244
b1959	0.243
b4125	0.243
b2354	0.242
b3485	0.242
b1522	0.242
b2627	0.24
b1741	0.24
b3576	0.239
b3334	0.238
b4078	0.238
b2389	0.238
b1025	0.236
b3753	0.234
b2972	0.232
b3468	0.232
b4028	0.231
b1453	0.231
b2788	0.23
b1201	0.228
b3103	0.227
b4532	0.225
b4460	0.223
b2759	0.223
b1196	0.222
b1504	0.221
b3593	0.221
b3060	0.22
b2771	0.22
b3477	0.219
b2292	0.219
b0433	0.218
b3159	0.218
b2200	0.215
b2164	0.213
b1168	0.21
b3366	0.21
b1181	0.209
b3382	0.208
b3367	0.207
b0040	0.206
b3142	0.205
b3909	0.205
b0339	0.203
b2841	0.201
b1309	0.2
b2446	0.197
b2072	0.197
b0364	0.196
b1011	0.195
b4102	0.195
b1254	0.194
b1790	0.193
b3121	0.193
b1085	0.193
b2336	0.191
b0466	0.191
b4294	0.191
b2459	0.188
b2271	0.188
b4334	0.187
b4082	0.187
b2205	0.186
b3717	0.185
b0509	0.185
b2740	0.185
b0140	0.185
b0787	0.183
b3937	0.182
b3474	0.181
b0267	0.18
b3711	0.18
b1488	0.179
b0613	0.179
b4621	0.176
b2645	0.176
b3269	0.176
b0533	0.175
b3754	0.175
b1312	0.175
b2233	0.175
b2163	0.175
b2544	0.173
b2929	0.173
b0153	0.173
b2469	0.173
b2835	0.172
b2968	0.171
b1601	0.171
b2723	0.17
b4106	0.169
b1758	0.167
b0335	0.163
b3943	0.163
b0117	0.162
b3656	0.162
b2462	0.16
b3214	0.159
b1528	0.158
b1158	0.158
b2682	0.158
b0375	0.156
b0818	0.156
b2219	0.155
b0011	0.155
b4478	0.155
b4288	0.155
b2199	0.154
b3395	0.153
b0704	0.153
b1349	0.152
b4268	0.152
b2851	0.151
b4300	0.15
b3048	0.149
b1862	0.148
b2368	0.148
b3184	0.148
b0265	0.148
b0275	0.148
b4516	0.148
b1873	0.147
b3077	0.146
b0899	0.144
b2056	0.144
b0900	0.144
b2141	0.143
b3013	0.142
b2269	0.141
b3902	0.138
b1023	0.137
b4230	0.137
b1523	0.136
b2990	0.136
b1840	0.135
b3284	0.133
b0293	0.133
b1943	0.131
b1669	0.131
b3411	0.13
b4482	0.13
b4477	0.13
b1553	0.13
b1391	0.13
b0934	0.129
b0254	0.128
b3376	0.128
b3693	0.127
b0013	0.127
b1397	0.125
b3659	0.123
b1161	0.123
b3550	0.122
b0858	0.122
b3890	0.121
b3824	0.121
b2136	0.12
b4522	0.12
b3216	0.117
b2847	0.115
b1672	0.115
b1463	0.114
b3696	0.112
b2991	0.112
b3127	0.111
b1053	0.111
b0937	0.111
b3684	0.11
b4204	0.11
b0135	0.109
b2985	0.108
b1220	0.107
b1355	0.107
b4011	0.107
b2059	0.107
b3188	0.106
b0532	0.105
b2882	0.104
b2485	0.103
b1154	0.102
b2541	0.101
b4176	0.101
b3580	0.1
b4337	0.1
b0629	0.099
b4473	0.099
b2047	0.098
b3374	0.097
b2420	0.097
b1345	0.094
b2986	0.094
b4074	0.094
b3875	0.093
b1081	0.092
b0769	0.092
b1202	0.091
b1798	0.09
b2257	0.089
b1785	0.089
b3520	0.089
b1750	0.088
b3143	0.087
b0264	0.087
b0274	0.087
b2775	0.086
b0682	0.085
b1432	0.085
b2077	0.085
b2298	0.084
b1184	0.082
b3451	0.082
b2407	0.079
b1626	0.077
b3547	0.077
b0442	0.076
b1301	0.076
b3332	0.075
b0461	0.075
b2109	0.075
b0715	0.073
b2058	0.073
b1707	0.073
b0318	0.072
b2761	0.072
b0992	0.072
b3413	0.07
b0986	0.07
b1931	0.069
b0247	0.069
b3849	0.069
b4048	0.069
b3466	0.066
b1821	0.064
b3241	0.063
b2538	0.063
b4132	0.063
b3876	0.063
b0709	0.061
b2073	0.06
b3800	0.06
b2930	0.06
b2130	0.06
b0385	0.059
b3141	0.059
b3249	0.059
b3657	0.059
b2766	0.058
b1742	0.058
b2918	0.058
b1010	0.058
b0280	0.058
b2545	0.057
b4474	0.057
b3173	0.056
b4083	0.055
b3033	0.055
b0316	0.055
b3880	0.052
b1762	0.052
b1156	0.051
b2273	0.051
b2519	0.051
b1036	0.05
b4141	0.049
b4356	0.049
b2332	0.049
b3819	0.048
b3434	0.047
b2534	0.047
b3801	0.047
b2204	0.047
b1674	0.046
b4321	0.046
b4116	0.045
b1396	0.045
b0193	0.045
b2995	0.044
b1951	0.044
b1699	0.042
b1029	0.042
b1791	0.04
b4029	0.04
b2537	0.039
b3793	0.038
b4186	0.038
b2481	0.037
b0396	0.037
b3578	0.036
b1627	0.035
b4366	0.035
b1698	0.032
b0649	0.032
b0253	0.03
b2327	0.03
b0941	0.03
b0718	0.03
b1012	0.028
b2577	0.027
b2686	0.027
b3224	0.027
b3381	0.026
b0909	0.026
b3944	0.026
b1328	0.023
b1289	0.023
b0157	0.022
b4279	0.022
b4572	0.021
b4476	0.02
b2550	0.018
b2732	0.017
b0067	0.012
b1978	0.009
b3561	0.008
b3662	0.008
b2145	0.008
b4249	0.006
b3326	0.006
b3883	0.006
b0234	0.006
b0518	0.005
b0977	0.005
b3267	0.004
b3660	0.003
b2945	0.003
b3119	0.002
b2713	0.001
b0692	0.0008
b1115	0.0003