enzyme,glucose_copies_per_cell,acetate_copies_per_cell,fumarate_copies_per_cell,glycerol_copies_per_cell,pyruvate_copies_per_cell,fructose_copies_per_cell,succinate_copies_per_cell,xylose_copies_per_cell,glucose_chemostat_mu_0_5_copies_per_cell,glucose_chemostat_mu_0_12_copies_per_cell,glucose_chemostat_mu_0_20_copies_per_cell,glucose_chemostat_mu_0_35_copies_per_cell,glucose_MG1655_copies_per_cell,paxDB_copies_per_cell
6PGLUCONDEHYDROG-CPLX,7050.0,2750.5,3372.5,4165.5,3501.0000000000036,5159.0,4012.0,6248.000000000003,4106.5,1476.5,1957.5,2602.5,6314.0,1008.0
G6903-MONOMER,74.0,21.0,32.0,45.0,25.0,32.0,31.0,47.00000000000092,33.999999999998174,15.999999999999881,19.0,29.0,43.000000000002274,49.099999999999966
CPLX0-7912,0.7800000000002001,0.7799999999999727,0.7800000000002001,0.7800000000006548,0.7800000000000011,0.7799999999999994,0.7799999999999727,0.7800000000002001,0.7799999999999727,0.7799999999999727,0.7799999999999727,0.7799999999999727,0.7799999999999727,0.7799999999999994
CPLX0-8158,141.5,91.25,95.25,129.75,136.50000000000003,46.0,57.5,87.0,160.25,148.0,140.0,142.0,105.5,80.25
FABZ-CPLX,821.6666666666666,465.5,512.3333333333334,701.8333333333334,553.0,938.5,666.1666666666666,946.1666666666666,833.3333333333334,476.3333333333333,547.8333333333334,641.8333333333334,698.8333333333334,106.16666666666667
PKI-COMPLEX,2225.5,1113.75,1204.0,1777.75,851.5,2956.25,1237.5,2541.75,1777.75,1313.75,1123.25,1285.75,1984.0,483.75
G6646-MONOMER,3.0299999999999727,3.0299999999997453,3.0299999999999727,3.0299999999999727,3.03,3.0299999999999727,3.0299999999999727,3.030000000000001,3.0299999999999727,3.030000000000001,3.03,3.030000000000655,3.0299999999997453,3.030000000000001
ACETATEKINA-MONOMER,3061.9999999999995,1458.0,2395.0,2587.0,8277.0,4780.0,3424.0000000000005,5005.0,2006.0,1992.0000000000002,2028.0,2019.0,4092.0,927.0
PSERPHOSPHA-MONOMER,188.0,45.0,78.0,120.0,91.0,144.00000000000034,86.0,141.0,86.0,41.000000000000014,68.00000000000017,79.0,214.0,25.600000000000023
ASNSYNB-CPLX,577.0,486.0,439.5,596.0,652.5,771.0,390.0,610.5,522.0,296.5,392.0,486.5,539.0,208.0
CYT-D-UBIOX-CPLX,193.49999999999986,240.0,227.0000000000004,292.5000000000011,209.50000000000063,381.49999999999994,244.00000000000026,362.99999999999926,442.49999999999994,620.4999999999999,518.5,451.99999999999994,105.49999999999999,655.4999999999999
EG12045-MONOMER,1.0199999999999818,1.02,1.0199999999999818,1.0200000000004366,1.0199999999999996,1.0199999999999818,1.0200000000004366,1.0200000000004366,1.0199999999999818,1.0199999999999818,1.0199999999999818,1.0199999999999818,1.019999999999996,1.0199999999999818
CPLX0-8581,0.4624999999996362,0.46250000000000036,0.46249999999997726,0.4624999999999986,0.46249999999997726,0.4625000000000057,0.4625000000000057,0.4625,0.46249999999997726,0.46249999999997726,0.4624999999999986,0.46250000000009095,0.4624999999996362,0.46249999999997726
CYT-O-UBIOX-CPLX,931.75,761.75,885.75,799.5,1574.0,1073.75,933.0,945.0,1252.25,689.25,684.0,860.5,353.0,117.7
AROG-CPLX,1669.5,688.5,701.5,904.0,656.25,1695.0,905.25,1893.0,1224.25,416.5,508.5,665.5,1629.25,197.75
THREDEHYDCAT-CPLX,10.0,10.0,10.0,10.0,10.0,10.0,10.000000000000005,10.0,9.999999999999943,10.0,10.0,10.0,0.25,10.0
RIBONUCLEOSIDE-DIP-REDUCTI-CPLX,252.2499999999998,181.25,224.9999999999981,265.24999999999875,282.49999999999994,319.7499999999999,221.24999999999852,272.74999999999824,371.50000000000017,204.99999999999994,282.0,315.00000000000006,189.2500000000001,160.49999999999997
CPLX0-7521,910.5,531.0,534.25,641.5,634.5,825.0,577.0,861.25,537.75,263.0,319.0,386.25,1253.75,167.0
XYLE-MONOMER,1.0,1.0,1.0,0.0,1.0,0.0,0.0,35.0,0.0,0.0,0.0,0.0,0.4290000000000873,0.4289999999999736
ABC-70-CPLX,0.0,0.0,0.0,0.0,0.0,0.0,0.0,0.0,0.0,0.0,0.0,0.0,0.0,0.0
PAPSSULFOTRANS-CPLX,930.5,353.5,593.0,786.0,623.5,766.0,474.0,525.0,424.5,173.0,218.0,304.5,827.0,81.0
TYRB-DIMER,885.0000000000002,783.0,750.0,688.0,859.5,1052.9999999999989,886.5,954.5,749.5,306.5000000000019,504.0,693.0,999.4999999999999,169.50000000000006
ACSERLYB-CPLX,766.5,429.0,543.5,486.0,487.0,590.5,581.5,686.0,583.5,245.0,267.0,388.0,700.5,67.5
ASP-SEMIALDEHYDE-DEHYDROGENASE-CPLX,6884.5,4161.5,2943.0,4470.0,4123.0,5396.0,3094.0,5173.0,3983.5,1288.0,1788.9999999999998,2466.0,7455.0,858.5
AROL-MONOMER,680.0,404.0,418.0,358.00000000000136,570.9999999999994,434.0,418.0000000000002,308.0,446.00000000000284,185.0,282.0,409.0000000000008,909.0,69.79999999999978
AIRS-CPLX,1272.0,596.5,1026.5,1147.5000000000002,1393.0,1188.0,913.5,1071.0,1046.0,355.0000000000001,493.0,611.5,1000.5,293.0
UMPKI-CPLX,118.33333333333333,73.50000000000007,98.83333333333333,105.16666666666667,95.49999999999997,91.16666666666667,113.0,117.5,111.33333333333333,37.16666666666672,52.333333333333336,70.5,110.0,58.166666666666664
LSERINEDEAM1-MONOMER,4.0,3.0,2.0,2.0,2.0,1.0,1.0,1.0,2.0,1.0,1.0,1.0,18.99999999999989,59.5
CPLX-154,0.3190000000000168,0.31899999999996,0.31899999999996,0.31899999999996,0.3190000000000168,0.31899999999999995,0.31899999999996,0.31899999999996,0.31899999999996,0.31899999999999995,0.31899999999996,0.31899999999996,0.3190000000000168,0.3190000000000026
PGAM2-MONOMER,365.0000000000003,305.0,434.0,361.00000000000045,378.0,469.0,553.0,436.0,334.0,209.0,257.99999999999994,303.0,322.0,92.29999999999995
ASPKINIHOMOSERDEHYDROGI-CPLX,1425.7500000000002,527.0000000000003,855.75,1169.75,2545.25,2410.250000000002,953.75,2325.7500000000014,1984.4999999999995,366.0,511.24999999999966,818.7499999999993,1093.7500000000007,124.50000000000024
XYLISOM-CPLX,130.0,109.50000000000023,102.00000000000045,114.00000000000114,97.5,120.0,111.0,15175.5,106.00000000000111,83.5,83.50000000000125,90.5,1.9599999999999227,1.9600000000000366
GRXC-MONOMER,4265.0,4706.0,5917.0,6170.0,5324.0,5558.0,4569.0,6501.0,6377.0,5877.0,5979.0,6220.0,4244.0,803.0
MALONYL-COA-ACP-TRANSACYL-MONOMER,3385.0,2024.0,2233.0,2283.0,2282.0,2292.0,2165.0,1908.0,1708.0,1232.0,1351.0,1443.0,2891.0,1238.0
THREDEHYDSYN-CPLX,35.00000000000006,15.5,23.25000000000023,25.0,37.5,42.0,26.75000000000003,57.5,35.75,14.7499999999999,19.7499999999996,24.5,46.500000000001826,5.125
FUMARASE-C,124.5,239.5,273.0,141.75,153.0,167.5,235.75000000000026,106.75,339.5,555.0,423.2500000000003,412.2499999999999,94.5,155.75
G6700-MONOMER,76.5,76.5,76.5,76.5,76.5,76.5,76.5,76.5,76.5,76.5,76.5,76.5,76.5,76.5
ADHE-CPLX,121.275,112.75,100.175,129.65,82.3,499.85,101.29999999999998,209.775,258.85,200.225,195.925,190.925,71.325,64.225
CPLX0-252,1060.0,740.5000000000002,838.5,947.0,976.0000000000001,789.5,609.5,821.5,727.0,548.5,622.0,688.5,810.5,362.0
CPLX0-3161,37.0,25.50000000000046,23.5,29.999999999999403,27.0,47.50000000000012,34.49999999999818,42.5,40.00000000000001,19.49999999999909,25.499999999999886,34.5,52.0,14.049999999999997
YCHM-MONOMER,12.199999999999932,12.2,12.199999999999818,12.199999999999818,12.199999999999818,12.200000000001264,12.200000000000045,12.200000000000003,12.200000000000045,12.200000000000045,12.199999999999989,12.199999999999818,1.0,12.199999999999818
DIHYDROFOLATEREDUCT-MONOMER,295.0,177.0,316.0,297.0,284.0,264.0,230.0000000000001,219.0,194.0,170.0,155.0,178.0,248.99999999999997,93.1
3-ISOPROPYLMALISOM-CPLX,3941.0,5100.999999999999,3913.0000000000005,4055.999999999999,2880.9999999999986,4037.999999999999,4548.999999999999,3963.999999999999,3110.4999999999995,5173.999999999999,4264.499999999999,4345.999999999999,5330.999999999999,769.4999999999998
CPLX0-8571,9.75,7.5,8.750000000000055,11.25,8.5,10.249999999999886,9.0,9.0,6.5,7.0,6.749999999999986,5.7499999999998,6.25,0.6925000000000008
MALATE-DEHASE,26569.0,59890.5,34676.5,32988.5,64548.5,37881.5,35782.5,35329.0,35729.5,21150.0,24519.0,30223.0,22522.0,3298.5
MHPF-MONOMER,256.0,77.0,107.0,96.0,82.0,5.25,136.0,5.25,162.0,82.0,89.0,189.0,5.25,5.25
AROF-CPLX,1037.9999999999986,711.5,521.0000000000005,990.000000000003,2122.5,1688.4999999999995,644.5,163.49999999999946,615.4999999999999,177.00000000000128,229.5000000000019,339.0000000000003,576.4999999999993,84.50000000000038
CPLX0-7532,17.666666666666668,0.0,0.3333333333336365,0.6666666666665151,0.3333333333333333,3.6666666666666665,0.6666666666666666,1.6666666666666667,0.3333333333333144,9.666666666666666,1.0000000000001517,0.6666666666666666,73.66666666666674,73.66666666666667
ABC-12-CPLX,913.6666666666666,927.111111111111,1719.111111111111,1416.111111111111,1801.0,1081.4444444444443,1862.4444444444443,803.8888888888888,1458.4444444444443,1267.7777777777776,1377.0,1645.7777777777776,654.7777777777777,325.79999999999995
GDHA-CPLX,1057.1666666666667,608.3333333333333,516.6666666666667,692.0,629.3333333333334,1030.6666666666667,586.6666666666669,903.0000000000005,1342.1666666666667,426.5,672.0,977.0,1005.3333333333334,172.50000000000003
EG11736-MONOMER,316.0,273.0,226.0,278.0,250.0,318.0,219.0,357.0,281.0,171.0,212.0,248.0,286.0,42.30000000000001
FUMARASE-A,676.0,2391.5,2078.0,1261.5,1644.5,1374.5,2208.0,1074.5,2356.0,771.5,1168.5,1862.5,703.0,157.5
PITA-MONOMER,207.99999999999932,92.0,156.00000000000026,152.0,252.0,241.0,188.0,195.0,184.00000000000028,107.0,123.0,143.0,159.99999999999997,55.8
THIOREDOXIN-REDUCT-NADPH-CPLX,2219.5,1057.5,1280.5,1422.5,1682.5,1803.5,1287.4999999999998,1752.5,1339.5,644.0,832.5,988.0000000000001,2023.5,263.5
PKII-CPLX,475.5,355.25,448.5,570.5,545.25,544.5,455.25,466.0,493.75,398.0,441.75,479.5,325.75,202.5
YJGT-MONOMER,20.7,20.69999999999999,20.699999999999818,20.69999999999999,20.699999999999818,20.700000000000045,20.700000000000728,20.700000000000045,20.7,20.700000000000045,20.699999999999818,20.699999999999818,20.7,20.7
GLUTATHIONE-REDUCT-NADPH-CPLX,493.0,382.5,495.0,498.0,484.5,567.0,534.5,617.5000000000003,472.0000000000002,337.0,387.499999999998,427.0000000000012,203.5,92.49999999999999
GMP-SYN-CPLX,1935.0,696.0,1044.5,1159.0000000000002,820.0,1496.5,1229.5,1337.5,1186.5000000000002,404.0,553.5,736.5,2080.0,360.50000000000006
NUCLEOSIDE-DIP-KIN-CPLX,2916.25,4308.75,5741.0,4331.5,3830.0,4686.25,7413.25,3620.75,5286.5,2066.5,2999.0,4131.25,2640.0,526.5
GNTP-MONOMER,0.04600000000004911,0.04600000000004911,0.04600000000004911,0.04600000000004911,0.04599999999982174,0.04600000000004911,0.046000000000276486,0.04599999999982174,0.046000000000276486,0.04599999999999227,0.04600000000004911,0.04600000000004911,0.046000000000276486,0.04599999999999227
ASPAMINOTRANS-DIMER,3492.499999999998,3926.500000000002,4292.0,4350.500000000001,4109.0,4585.499999999999,4960.0,4992.0,3961.0,1556.5,2169.0,3341.5,3768.9999999999995,801.0000000000001
G7942-MONOMER,14.0,5.0,5.0,14.0,1035.0,19.0,11.0,11.0,8.0,6.0,7.0,6.0,14.0,68.5
CPLX0-238,2081.25,598.2500000000001,793.0,1073.75,835.25,1478.75,956.75,1218.5,1073.5,560.0,594.25,622.75,2039.5,142.75
CPLX0-7959,483.25,178.5,351.75,374.0,377.25,620.0,490.25,529.5,457.25,167.5,206.75,273.0,450.5,179.75
APHA-CPLX,21.00000000000001,22.000000000000057,29.5,20.75,23.75,9.0,20.25,14.75000000000023,32.750000000000036,36.5,49.0,46.0,12.5,20.45
PRAI-IGPS,804.0000000000119,334.0,461.0,616.0,652.9999999999999,813.0000000000036,465.00000000000193,496.0,572.0000000000043,312.0000000000041,359.0,464.00000000000625,619.9999999999943,298.9999999999999
RED-GLUTAREDOXIN,142.0,139.0,103.0,28.0,83.0,129.0,94.0,145.0,78.0,52.0,57.0,82.0,149.0,115.0
RIBONUCLEOSIDE-DIP-REDUCTII-CPLX,14.250000000000155,11.500000000000334,10.499999999999998,11.750000000000053,10.749999999999998,9.750000000000037,6.7500000000004965,28.000000000000025,12.50000000000002,7.999999999999984,8.000000000000064,10.25,4.750000000000159,55.1
PHOSACETYLTRANS-CPLX,191.33333333333334,146.16666666666666,182.33333333333334,175.5,585.3333333333334,243.5,189.33333333333334,250.83333333333334,253.16666666666666,234.16666666666666,231.5,247.99999999999997,175.66666666666666,146.16666666666666
GART-MONOMER,459.0,235.99999999999991,290.00000000000375,290.0,348.99999999999767,374.0,270.9999999999961,357.0,229.0,135.0,156.9999999999999,203.00000000000136,144.99999999999957,67.60000000000005
ADENYLYLSULFKIN-CPLX,417.0,236.0,247.50000000000003,271.5,237.5,300.5,225.00000000000017,264.5,223.5,63.0,80.0,144.0,328.5,14.399999999999919
EG10003-MONOMER,33.89999999999998,33.90000000000009,33.9,33.89999999999998,33.90000000000009,33.9,33.9,33.90000000000009,33.9,33.900000000000006,33.9,33.9,33.89999999999998,33.89999999999998
CPLX0-7761,3798.0,11422.0,9745.5,5396.0,8197.5,4391.0,9773.5,3348.5,7866.5,6881.5,8205.0,10130.5,4813.0,893.0
CPLX0-7530,19.7,19.700000000000045,19.699999999999818,19.7,19.700000000000003,19.700000000000728,19.7,19.699999999999964,19.700000000000006,19.700000000000003,19.700000000000003,19.700000000000003,19.700000000000045,19.7
CPLX0-7694,13.75,88.25,7.75,5.5,4.25,14.75,13.75,21.5,9.75,9.25,5.0,7.0,15.674999999999997,15.675
CPLX0-8005,1168.75,630.25,838.5,873.0,836.75,977.75,1049.5,958.25,748.0,436.75,480.0,620.25,1025.75,324.5
ISOCIT-LYASE,7043.25,60684.25,34782.75,18727.0,12180.75,8330.75,30385.5,7009.5,27382.25,54533.0,50230.75,46042.25,3842.25,1684.25
PYRNUTRANSHYDROGEN-CPLX,1228.75,358.2500000000003,557.2499999999999,876.7499999999999,789.7499999999999,1614.2499999999995,660.4999999999999,1015.2499999999997,1596.9999999999998,707.0,921.4999999999998,1123.2499999999998,1236.2499999999995,223.99999999999994
FRUCBISALD-CLASSII,10024.5,5676.0,6921.0,7812.0,6971.5,12256.5,6256.5,8702.5,6808.0,3533.5,4144.5,4690.5,8961.5,1391.5
CPLX0-8160,454.4166666666667,1295.8333333333333,828.0,627.75,1019.8333333333334,796.5,1003.5,597.75,1076.5,842.5,896.0,1039.8333333333333,381.9166666666666,186.0
CPLX0-1261,754.0000000000001,962.0,913.0,923.0,629.0,667.0000000000001,853.0,654.0,887.0,1474.0,1177.0,935.0,201.0,738.0
BRANCHED-CHAINAMINOTRANSFER-CPLX,434.8333333333333,209.16666666666666,288.0,316.5,328.3333333333333,490.5,327.8333333333333,670.1666666666666,394.3333333333333,132.5,153.16666666666666,239.16666666666666,367.0,46.333333333333336
RIB5PISOMB-CPLX,17.5,10.0,19.5,20.0,16.0,7.0,14.0,9.5,24.5,14.0,17.0,18.5,5.0,26.4
ALKAPHOSPHA-CPLX,19.299999999999955,19.299999999999955,19.300000000000182,19.299999999999955,19.3,19.299999999999997,19.299999999999955,19.299999999999955,19.299999999999955,19.300000000000004,19.300000000000182,19.299999999999955,19.30000000000001,19.3
HISTPHOSTRANS-CPLX,1101.5000000000007,326.5,460.5,807.0,504.0,761.0000000000017,548.0,739.0,721.4999999999986,388.50000000000074,569.5000000000005,544.5000000000002,693.5000000000005,167.50000000000014
ORNCARBAMTRANSFERF-CPLX,49.666666666666664,13.333333333333334,23.333333333333332,17.33333333333432,10.666666666666666,18.0,12.0,14.99999999999964,32.333333333333336,26.000000000000284,23.0,14.000000000000304,136.0,16.06666666666681
GLUCONOKINI-MONOMER,15.0,6.0,16.0,12.0,18.0,0.15200000000004366,12.0,0.1519999999999868,8.0,7.0,17.0,44.0,0.15200000000004366,0.15200000000004366
SAICARSYN-CPLX,2729.3333333333335,1639.3333333333333,2239.3333333333335,2352.0,2891.666666666666,2432.3333333333335,2151.3333333333335,3024.6666666666665,2300.6666666666665,942.6666666666666,1203.3333333333333,1601.3333333333333,3008.6666666666665,476.99999999999994
PEPSYNTH-CPLX,579.0,1304.5,1520.0,925.5,2092.0,303.5,1753.5,623.0,926.0,912.0,935.0,1049.0,418.5,286.5
ACETYL-COA-CARBOXYLMULTI-CPLX,1233.625,653.5,965.625,1075.0,962.375,1157.5,1003.5,964.0,924.125,609.25,643.0,762.5,1199.5,286.0
GLUTAMIDOTRANS-CPLX,1301.9999999999998,360.4999999999998,598.4999999999998,1033.4999999999998,740.5000000000002,901.5000000000017,707.5000000000005,808.9999999999999,639.9999999999998,348.5,552.9999999999999,524.000000000001,1288.4999999999995,175.99999999999997
2-ISOPROPYLMALATESYN-MONOMER,2711.0,4243.0,2917.0,3381.0,2093.0,3810.0000000000005,3468.0,5256.0,3700.0,5032.0,3791.0,3827.0,1315.0000000000005,1004.0
EG11239-MONOMER,352.0,145.0,212.0,253.0,219.0,331.0,305.0,304.0,185.0,14.0,35.000000000000014,83.0,332.0,10.899999999999977
CHORISMUTPREPHENDEHYDROG-CPLX,708.0,433.0,295.5,616.5,1133.5,903.0,295.0,223.5000000000004,521.500000000001,159.0,191.5,253.49999999999918,307.5,233.0
CARBODEHYDRAT-CPLX,0.10149999999998727,0.10149999999998727,0.10150000000021464,0.10149999999998727,0.10149999999998727,0.10149999999998727,0.10149999999998727,0.10150000000021464,0.10150000000021464,0.10149999999998727,0.10149999999998727,0.10149999999998727,0.10149999999998727,0.10149999999998727
MALSYNG-MONOMER,282.0,2377.0,990.0,767.0,289.0,443.0,900.0,436.0,835.0,1365.0,1741.0,1555.0,188.0,398.0
CPLX0-237,0.0,0.0,0.0,0.0,0.0,0.0,0.0,0.0,0.0,0.0,0.0,0.0,0.0,0.0
FRUCBISALD-CLASSI,216.0,422.6,425.8,337.1,328.5,248.4,377.0,277.9,359.7,457.2,421.9,370.2,70.1,98.1
ASPKINIIHOMOSERDEHYDROGII-CPLX,171.5000000000002,91.00000000000121,64.00000000000303,107.0,85.5,195.0,88.50000000001265,132.5,163.0,81.00000000000182,90.0,85.50000000000001,110.00000000000186,33.40000000000001
ADENYLOSUCCINATE-SYN-DIMER,3431.5,2993.0,2668.5,3226.5,3070.0,3364.0,2811.5,3958.5,4200.0,2282.5,2397.5,3347.0,3423.5,1185.5
PGMI-MONOMER,2656.0,460.0,726.0,1657.0,593.0,3645.0,644.0,2466.0,1709.0,556.0,665.0,799.0,2405.0,526.0
GUANYL-KIN-CPLX,218.5,97.0,139.5,146.5,116.0,184.0,138.5,216.0,135.0,68.0,80.0,101.5,254.0,61.5
THYMIDYLATESYN-CPLX,191.5,103.0,149.5,177.0,138.0,218.0000000000001,174.00000000000017,178.5,146.49999999999983,53.00000000000068,89.0,90.0,279.0,113.00000000000009
GNTU-MONOMER,0.020000000000010232,0.020000000000436557,0.01999999999998181,0.01999999999998181,0.01999999999998181,0.01999999999998181,0.019999999999999574,0.020000000000010232,0.01999999999998181,0.01999999999999602,0.020000000000436557,0.01999999999998181,0.01999999999998181,0.01999999999998181
CPLX0-7466,24.0,19.0,21.5,22.500000000002732,21.0,21.000000000000433,20.0,1002.0,18.0,29.5,24.0,21.99999999999954,2.4999999999995457,0.9799999999999047
HOMOCYSMETB12-MONOMER,421.0,178.0,255.0,316.0,306.0,492.0,342.0,421.0,346.0,188.0,219.0,255.0,304.0,65.7
CPLX0-2401,2688.5,1106.5,1058.5,2035.5,2038.5,2567.5,1552.4999999999998,1922.5,1577.0,829.0,1118.5,1379.5,1736.5,502.0
DUTP-PYROP-CPLX,1053.6666666666667,368.0,688.6666666666664,765.0,785.6666666666666,861.3333333333331,812.6666666666666,892.6666666666666,639.3333333333334,258.6666666666668,336.0,469.0,951.6666666666665,94.66666666666669
GLUTAMINESYN-OLIGOMER,1485.6666666666667,415.25,539.8333333333334,854.25,598.75,1104.2499999999998,535.1666666666666,889.1666666666666,956.0,583.1666666666666,582.5833333333334,664.9166666666666,1421.8333333333333,117.75
OROPRIBTRANS-CPLX,10.999999999998634,1.000000000000142,3.5000000000000915,3.0,3.5,0.5000000000000853,0.5000000000009096,1.9999999999999858,2.5,0.5,0.5000000000006254,1.0000000000009095,18.999999999999915,11.050000000000239
RIBULOKIN-MONOMER,0.0,0.0,0.0,0.0,0.0,0.0,0.0,0.0,0.0,0.0,0.0,0.0,0.0,0.0
CHORISMUTPREPHENDEHYDRAT-CPLX,792.0,537.5,622.0,732.5,565.5,728.5,697.5,453.5,1010.0,1685.0,1570.5,1308.5,208.0,214.0
HOMOSERKIN-CPLX,296.999999999999,190.0,227.0000000000003,220.99999999999932,420.5,356.0000000000009,199.99999999999847,586.0,163.5000000000044,75.5,88.00000000000023,103.99999999999991,422.00000000000034,90.49999999999999
PRPPAMIDOTRANS-CPLX,192.75,70.0,82.75,98.5,124.5,155.0,100.25,97.75,114.25,42.25,52.75,75.5,142.5,42.25
FUMARASE-B,7.5,0.9999999999999929,4.0,2.5,1.0,61.5,6.5,61.5,1.4999999999999007,1.5,2.0,0.5,61.5,61.5
CARBPSYN-CPLX,6850.499999999999,2237.4999999999995,3727.499999999999,4337.000000000002,2920.499999999999,5609.499999999999,4072.0000000000023,4333.5,3927.5000000000014,1307.9999999999998,1633.4999999999995,2277.5,6842.0,559.9999999999999
HISTDEHYD-CPLX,1723.5,532.5,732.0,1231.5,865.5,985.0,687.5,1053.0,851.0,543.0,742.5000000000001,714.9999999999997,1470.5,185.0
CPLX-165,75.16666666666664,48.333333333333236,54.999999999999986,83.99999999999997,49.33333333333332,164.16666666666663,51.499999999999986,77.66666666666666,539.1666666666665,175.66666666666674,272.33333333333326,368.6666666666665,52.16666666666665,122.16666666666676
DIHYDROPICRED-CPLX,770.5,404.75,305.75,438.25,413.5,570.5,278.75,508.75,366.75,213.0,244.25000000000094,272.0,777.25,65.25000000000026
GLYOHMETRANS-CPLX,12255.0,4545.5,6975.5,7030.0,7639.5,10514.0,8294.0,10898.5,6628.5,2562.5,3435.5,4609.5,10927.0,1877.0
GPH-MONOMER,738.0,414.0,569.0,578.0,517.9999999999999,460.0,435.0,571.0,469.0,240.0,315.0,368.0,650.0,140.0
GLUTSEMIALDEHYDROG-CPLX,236.0,171.5000000000003,185.5,237.5000000000005,199.5000000000006,266.75,205.0,259.0,232.75000000000017,189.25,201.25,214.0,129.5,59.74999999999996
AROC-CPLX,199.5,129.5,164.75,172.5,159.5,193.5,169.0,209.0,180.5,105.0,125.75,155.75,167.25,32.25
FGAMSYN-MONOMER,2456.0,1438.0,2071.0,2068.0,2708.0,2406.0,1913.0,1721.0,2285.0,1219.0,1468.0,1730.0,2422.0,449.0
CPLX0-8299,1238.0,919.8333333333334,1394.1666666666667,1313.1666666666667,1303.5,1466.6666666666667,1629.0,1257.0,1145.6666666666667,526.6666666666666,591.5,808.3333333333334,1030.8333333333333,159.66666666666666
KGTP-MONOMER,124.0,112.00000000000007,145.0,93.0,136.0,130.0,134.0,241.0,328.9999999999997,416.0,417.00000000000006,357.0,45.0,71.0
TRANSKETOI-CPLX,1941.5,1330.5,1831.0,1696.0,1837.5,1834.5,1860.5,1972.5,1694.0,754.0,980.5,1411.5,1816.5,574.0
PGK,40039.0,29802.0,30847.0,34333.0,28150.0,46061.0,27811.0,40867.0,30930.0,21372.0,21336.0,26962.0,30363.0,5619.0
GRXB-MONOMER,2666.0,1907.0,2360.0,1997.0,2300.0,2400.0,2648.0,2709.0,1840.0,840.0,1346.0,1474.0,943.0,718.0
CITRATE-SI-SYNTHASE,1611.8333333333333,5669.0,3031.5,2933.5,6192.666666666667,3344.5,3233.8333333333335,2777.3333333333335,5277.333333333333,4178.333333333333,4421.5,4445.833333333333,1303.5,259.5
SULFATE-ADENYLYLTRANS-CPLX,352.5,159.74999999999997,216.99999999999997,251.74999999999997,217.125,341.12499999999994,184.62499999999997,233.375,300.6250000000003,76.37499999999999,116.99999999999997,176.37499999999997,230.99999999999997,52.999999999999986
G6986-MONOMER,12.199999999999989,12.200000000000045,12.200000000000003,12.199999999999818,12.200000000000728,12.200000000000728,12.199999999999818,12.200000000000003,12.200000000000045,12.200000000000045,12.2,12.200000000000728,12.199999999999818,12.199999999999989
OROTPDECARB-CPLX,753.5,293.0,513.5,619.5,474.0,758.0,627.5,671.4999999999999,410.5,142.0,158.99999999999955,235.5,780.5,48.549999999999955
CPLX0-7888,50.0,30.0,49.5,55.0,35.0,31.5,37.49999999999997,26.999999999998188,39.5,42.499999999999886,51.49999999999986,56.0,50.5,44.30000000000001
CTPSYN-CPLX,240.0,97.5,166.75,188.75,156.74999999999997,229.0,186.5,193.75,176.75,66.25,87.5000000000002,112.75,293.75,100.25
ACETYLORNTRANSAM-CPLX,1959.5,774.5,888.0,1142.9999999999998,1241.0,1464.0,1011.5,1042.5,1380.0,1330.5,1323.0,1152.0,1563.0,164.5
3-ISOPROPYLMALDEHYDROG-CPLX,2294.0,3622.5,2229.0,2516.0,1492.5,2512.5,2201.5,3457.5,2727.5,3453.0,3147.0,3092.5,1790.5,422.5
AROD-CPLX,440.5000000000021,214.5,238.5,301.5000000000003,303.5,395.9999999999999,261.4999999999994,403.0,223.0,133.5,151.0,186.0,242.0,44.75000000000012
MALATE-SYNTHASE,4393.000000000004,20350.0,11574.0,8308.0,4700.0,4842.0,9008.0,5058.0,11474.0,15952.0,16882.0,15539.0,2741.0,1972.0
CPLX0-7887,46.5,47.5,37.5,38.5,34.0,35.5,39.5,52.0,50.0,40.0,42.0,53.5,40.0,25.55
SUCCORNTRANSAM-CPLX,22.0,39.5,91.5,28.5,32.5,26.0,67.0,28.5,46.5,125.5,140.5,119.00000000000003,8.0,75.5
UDHA-CPLX,55.625,164.375,227.375,127.5,140.625,88.25,249.75,96.375,256.0,145.125,154.5,194.25,45.75,40.625
IMIDHISTID-CPLX,1396.9999999999998,431.5,695.5000000000008,1137.9999999999989,737.5,962.0,725.0,798.0,804.0,483.5,663.0000000000001,662.0,1226.5,137.99999999999997
SUCCCOASYN,3284.2499999999995,11254.25,7243.499999999999,6100.499999999999,9471.749999999998,5892.499999999999,8314.249999999998,5804.249999999999,7739.499999999998,4595.749999999999,5194.499999999999,6486.999999999998,3458.2499999999995,963.9999999999999
EG11234-MONOMER,0.46399999999999864,0.46399999999999864,0.4639999999999418,0.4639999999999418,0.4639999999999418,0.4640000000000555,0.4640000000000555,0.4639999999999418,0.4639999999999418,0.4640000000000555,0.4639999999999418,0.4639999999999418,0.4639999999999418,0.46399999999999864
ABC-28-CPLX,844.6666666666666,2285.166666666667,3805.6666666666665,3116.166666666668,4511.833333333334,1809.6666666666667,3696.5000000000005,607.8333333333335,2693.8333333333335,3462.3333333333335,3529.666666666667,3401.000000000001,547.1666666666669,318.82000000000005
G7187-MONOMER,1220.0,791.0,794.0,1105.9999999999998,801.0,954.0,551.0000000000001,943.0,969.0,599.0,771.0,820.0,1044.0,64.6
TPI,3719.0,3858.5,3879.0,3728.0,3411.0,4671.0,3125.0,4904.0,4657.0,2863.0,3168.0,3527.5,2576.0,1171.0
ATPSYN-CPLX,1245.978818897638,857.1284251968507,1303.5614960629923,1428.5221259842522,1606.4591338582682,1403.0418110236224,1441.8055905511815,1299.7898425196854,1253.7111023622049,594.2937795275592,780.9000787401576,1032.3016535433073,1094.0418110236224,230.91818897637796
CPLX0-7614,2012.5,502.5,817.5,1409.0,847.5,1502.0,996.0,1390.5,987.0,546.0,755.5,824.5,1452.5,267.0
YHAU-MONOMER,0.11099999999999,0.11099999999987631,0.1110000000007858,0.1110000000007858,0.11099999999999,0.11099999999999,0.1110000000007858,0.11100000000010368,0.11099999999999,0.11099999999999,0.11099999999987631,0.111,0.11099999999987631,0.11099999999999
CPLX0-8159,17.0,17.5,23.0,28.0,11.5,17.0,14.0,21.5,19.0,8.0,11.5,15.5,4.574999999999818,4.575000000000003
CPLX0-8006,1253.5,723.5,992.75,955.25,1001.5,898.25,855.25,779.75,959.0,609.0,633.0,765.75,1499.75,492.0
CPLX0-7695,2.5000000000000866,0.4999999999998863,2.0,0.0,1.1368683772161603e-13,1.4250000000004823,0.0,1.4249999999999545,0.5,0.0,0.0,0.0,1.425000000000182,1.4250000000000114
G7164-MONOMER,21.0,8.0,77.0,4.0,1.0,1.6900000000000546,11.0,1.6900000000005093,18.0,1.0,104.0,3.0,1.6900000000005093,1.6899999999999995
GKI-MONOMER,2.1999999999999993,2.199999999999818,2.1999999999998185,2.2,2.199999999999818,2.2000000000080036,2.2000000000000455,2.1999999999999993,2.1999999999999886,2.2000000000000455,2.2000000000000455,2.2000000000000455,6.0,2.2000000000000455
GABATRANSAM-CPLX,299.5,530.5,644.0,647.5,762.0,451.0,436.5,375.5,818.5000000000001,774.0,918.5,868.5,58.0,147.0
GARTRANSFORMYL2-MONOMER,2379.0,733.0,1262.0,1424.0,2360.0,1370.0,1239.0,1507.0,1416.0,537.0,748.0,921.0,1513.0,380.0
GLY3KIN-MONOMER,2.349999999998545,2.3499999999999996,2.3499999999999996,2.349999999999909,2.349999999999909,2.350000000000364,2.349999999999909,2.3500000000000227,2.3499999999999943,2.3500000000000227,2.349999999999909,2.349999999999909,2.35,2.3499999999999943
ANTHRANSYN-CPLX,528.7500000000005,233.00000000000102,343.74999999999994,604.7499999999995,495.49999999999994,696.000000000004,347.74999999999994,363.7500000000023,730.9999999999999,359.50000000000034,412.49999999999994,489.7499999999999,290.50000000000045,140.49999999999991
PURE-CPLX,451.25,319.875,259.5,239.25,287.75,352.375,305.75,342.0,234.625,145.375,157.625,187.0,324.375,82.5
KETOBUTFORMLY-MONOMER,30.0,0.0,1.0,1.0,0.0,133.0,1.0,133.0,7.0,0.0,0.0,0.0,1.0,133.0
ACSERLYA-CPLX,36587.33333333333,33316.33333333333,33958.99999999999,34361.666666666664,30786.66666666666,37652.0,36907.66666666666,34358.666666666664,27591.499999999996,14652.999999999996,16260.166666666664,21627.499999999993,32693.833333333332,1983.1666666666663
MALIC-NADP-CPLX,58.625,188.0,167.5,141.75,157.125,155.625,181.875,121.125,353.625,349.25,357.5,378.75,34.625,78.5
B2789-MONOMER,5.150000000000006,5.149999999999636,5.150000000000091,5.15,5.149999999999999,5.15,5.149999999999977,5.150000000000091,5.150000000000091,5.149999999999977,5.149999999999977,5.149999999999977,5.149999999999636,5.150000000000006
GLYC3PDEHYDROGBIOSYN-CPLX,163.5000000000001,153.50000000000023,174.5,150.5,161.5,108.50000000000014,127.5,135.0,163.50000000000045,138.0,137.0,151.5,151.0,64.00000000000009
ABC-46-CPLX,33.045666666665824,176.71233333333348,272.71233333333333,112.71233333333316,143.37900000000013,66.37900000000009,242.04566666666665,60.71233333333334,153.37900000000005,654.7123333333334,455.71233333333396,324.7123333333333,6.375666666666668,179.70900000000003
DCTA-MONOMER,36.757000000000026,206.7569999999996,595.7569999999997,96.7570000000016,125.75699999999877,72.75699999999965,566.7570000000006,55.756999999998534,255.7570000000003,585.757,563.7570000000006,402.7570000000005,27.75699999999867,70.25700000000002
N-ACETYLTRANSFER-CPLX,55.5,26.166666666666668,31.666666666666817,42.16666666666674,41.00000000000001,53.333333333333485,32.333333333333336,45.333333333333485,60.833333333333336,29.5,28.16666666666666,34.333333333333336,41.66666666666676,10.933333333333318
CPLX0-303,93.5,33.5,59.49999999999997,133.0,50.0,78.0,64.5,65.5,44.5,27.999999999999943,29.5,35.0,94.00000000000138,6.0
CPLX0-7533,11207.0,14012.333333333334,10450.0,8977.666666666666,14217.333333333334,9985.666666666666,8903.666666666666,10932.333333333334,4395.0,7806.0,6123.0,4665.666666666667,6921.0,398.0
RIB5PISOMA-CPLX,1379.0,1183.5,1345.5,1223.0,1289.0,1139.5,1087.5,1515.5,1387.0,800.0,952.5,1108.0,666.5,685.0
CPLX0-8260,102.00000000000112,45.500000000000114,52.0,54.999999999999886,62.0,38.0,34.99999999999909,62.0,58.5,31.0,36.000000000000085,35.00000000000006,72.99999999999955,19.950000000000042
LCTP-MONOMER,3.0,3.0,3.0,3.0,3.0,3.0,3.0,3.0,3.0,3.0,3.0,3.0,7.0,3.0
6PFK-2-CPX,469.5,402.5,417.0,422.0000000000001,389.4999999999982,575.4999999999997,578.5,885.5,396.0,231.5,287.5,324.5,49.0,101.0
GNTT-MONOMER,2.6799999999998363,2.680000000000291,2.67999999999995,2.6799999999998363,2.6799999999998363,2.6800000000000637,2.680000000000291,2.680000000000007,2.6799999999999997,2.6800000000000637,2.680000000000007,2.6800000000000637,7.0,2.6799999999999997
ABC-42-CPLX,5.180333333333297,5.180333333333334,13.347000000000243,8.68033333333343,9.847000000000063,4.680333333333325,6.013666666666646,2.8470000000002615,10.013666666666289,14.180333333333964,12.346999999999971,11.847000000000094,5.5136666666666665,8.246999999999998
ABC-7-CPLX,803.2857142857143,580.7142857142857,769.7142857142858,738.5714285714287,811.5714285714286,750.5714285714286,707.7142857142857,549.428571428571,603.8571428571428,303.1428571428572,348.4285714285714,470.71428571428567,653.0,95.93714285714282
FABA-CPLX,1033.5,503.5,963.0,1061.0,693.5000000000001,1100.4999999999998,1130.5,963.0,1280.5,757.5,891.5,939.9999999999998,403.0,699.0
DIHYDROOROT-CPLX,2242.5,1201.5000000000002,2045.0000000000002,1749.5,1859.0000000000002,2142.0,2213.500000000001,1995.9999999999998,1701.5,576.0,725.5,1144.0,2042.5,310.0
G7285-MONOMER,11.5,11.5,11.5,11.5,11.5,11.5,11.5,11.5,11.5,11.5,11.5,11.5,11.5,11.5
GLYCRIBONUCSYN-MONOMER,2115.0,802.0,1361.0,1512.0,2081.0,1885.0,1335.0,1705.0,1161.9999999999998,382.00000000000006,526.0,714.0,2034.0,432.0
B2975-MONOMER,1.0,40.0,23.0,7.0,2.0,1.0,7.0,3.0,15.0,124.0,116.0,73.0,0.8869999999999436,0.8870000000000005
NADH-DHI-CPLX,341.6369230769231,328.09846153846155,534.8676923076923,601.6369230769232,459.94461538461536,532.0984615384616,476.56,345.0984615384616,612.2523076923077,465.1753846153847,545.0215384615385,586.4061538461539,341.99384615384616,139.79384615384618
FOCB-MONOMER,7.360000000000127,7.3599999999999,7.360000000000014,7.360000000000014,7.3599999999999,7.360000000000014,7.359999999999673,7.360000000000127,7.36,7.360000000000014,7.360000000000014,7.360000000000014,7.359999999999999,7.360000000000014
ANTHRANSYNCOMPII-MONOMER,0.0,56.99999999999788,0.0,0.0,1.0000000000020983,0.0,0.0,0.0,0.0,0.0,0.0,0.0,49.00000000000315,84.00000000000013
EG11195-MONOMER,511.0,165.0,219.00000000000023,306.0,163.00000000000048,362.0,252.0,415.0,218.0,68.00000000000011,95.99999999999986,141.0,539.0,167.0
GLUTKIN-CPLX,170.00000000000009,108.75,119.25,137.75000000000003,149.75,176.2500000000001,125.75,176.99999999999997,156.75,103.5,116.75000000000009,141.25000000000003,129.49999999999977,36.0
DIAMINOPIMDECARB-CPLX,363.000000000006,184.5000000000087,311.0000000000083,356.0000000000048,272.49999999999966,480.0000000000003,362.00000000000233,385.0000000000034,367.9999999999996,96.99999999999865,163.0,258.0000000000008,450.5,15.700000000000045
PYRUVFORMLY-CPLX,1406.5,1553.4999999999998,1381.000000000001,1513.5000000000005,0.0,2504.9999999999995,2069.0,1230.5000000000002,2397.0000000000036,1735.5000000000014,1941.9999999999995,2022.0000000000002,1075.0000000000011,0.0
PEPCARBOX-CPLX,908.25,337.24999999999943,363.0,546.25,384.00000000000347,1281.5000000000027,369.75,893.75,1072.0,418.25,532.2500000000003,717.75,510.5000000000014,199.25
ASPKINIII-CPLX,1860.0,659.0000000000006,434.5,916.0,1076.0,1632.0,552.0,1385.5,788.4999999999983,223.50000000000034,295.50000000000085,438.0,1491.0,92.00000000000004
METHYLENETHFREDUCT-CPLX,1096.25,557.25,506.25,840.0,484.25,1063.75,579.25,936.25,616.25,231.0,310.5,326.25,838.5,80.5
O-SUCCHOMOSERLYASE-CPLX,479.0,268.49999999999966,173.99999999999986,336.75,217.4999999999995,396.25,220.75,302.75,302.5,186.75,194.0,163.25,179.0,56.75
PYRROLINECARBREDUCT-CPLX,54.899999999999956,46.7,55.1,45.0,40.2,36.7,40.2,54.4,71.1,78.1,71.3,70.8,43.9,28.9
ORNCARBAMTRANSFERI-CPLX,268.3333333333349,112.00000000000063,138.0,137.66666666666666,93.6666666666679,154.33333333333334,122.66666666666674,177.33333333333331,157.33333333333346,201.66666666666666,148.0,118.00000000000185,200.33333333333334,66.66666666666659
G7841-MONOMER,374.0,196.0,289.0,327.0,310.0,282.0,243.0,318.99999999999994,248.0,186.99999999999994,169.0,203.0,215.9999999999999,83.7
HOMSUCTRAN-CPLX,1343.4999999999982,246.0,355.5,458.5,403.9999999999982,631.0000000000008,555.5,826.5000000000022,446.5,250.5,294.5,350.50000000000006,1058.5000000000005,72.00000000000006
PGLYCDEHYDROG-CPLX,2838.25,1165.5,1217.75,1516.25,1524.75,1920.5,1081.25,2976.5,2422.25,837.25,1033.75,1523.25,3028.25,470.25
3-OXOACYL-ACP-SYNTHII-CPLX,958.5,618.0,912.5,1069.0,789.0,1135.0,1098.0,1326.0,945.0,586.5,699.5,812.0,1166.5,195.0
CPLX0-7647,33.0,61.5,80.0,90.0,87.50000000000001,63.0,82.0,33.0,98.5,69.49999999999977,84.0,89.49999999999966,48.00000000000006,29.35000000000001
TRANSALDOLB-CPLX,5314.5,3361.0,4844.0,5648.5,5611.0,6256.0,4807.0,6681.0,4984.5,1887.0,2439.5,3476.0,4623.5,1133.5
APP-UBIOX-CPLX,1.0,0.0,0.0,0.0,0.0,0.0,0.0,2.0,0.0,0.0,0.0,0.0,9.859999999999673,9.860000000000014
CPLX0-7655,301.0,344.0,694.6666666666666,557.0,402.0,397.6666666666667,506.33333333333326,160.66666666666666,993.0,797.333333333335,1058.6666666666667,1930.3333333333333,100.33333333333327,36.66666666666674
CPLX0-7877,2300.5,1459.0,1602.0,2247.0,1286.0000000000002,2316.0,1575.0,2795.5,1886.5,1221.5,1338.5,1524.5,1612.5,625.0
RIBULP3EPIM-MONOMER,524.0,147.00000000000006,232.0,244.0,260.0,591.0,258.0,591.0,181.0,68.0,73.0,107.0,591.0,591.0
CPLX0-7997,181.0,108.00000000000007,128.50000000000094,117.50000000000092,91.5,32.30000000000018,115.0,32.29999999999973,125.5,63.5,76.5,51.00000000000028,15.5,32.29999999999999
FABB-CPLX,6733.5,5466.0,6489.5,6980.0,7058.5,6204.0,7078.0,6167.0,6367.0,4749.5,5013.0,5680.5,2278.5,977.5
DIHYDRODIPICSYN-CPLX,897.25,568.75,766.5,951.75,829.25,1232.0,1006.5,1237.25,767.75,301.25,483.25,575.25,1078.0,120.5
GLYCEROL-KIN-CPLX,124.0,131.75,172.0,6964.5,153.0,106.25,142.5,102.25000000000023,212.25000000000043,254.5,270.25,285.0,1276.0,259.5
AROK-MONOMER,2112.0,887.0,1208.0,1222.0,1058.0,1555.0,1300.0,1511.0,1064.0,467.0,591.0000000000003,767.0,2950.0,203.0
2OXOGLUTARATEDEH-CPLX,215.57058217413706,422.88601236476046,287.87557959814524,241.71406491499224,422.65752189592985,279.4044307058217,312.7302936630603,307.2740855229263,278.26481195260175,170.26081916537868,183.80628541988668,227.50180319422975,194.0704533745492,58.89129314786193
6PFK-1-CPX,362.0,208.5,251.0,317.25,202.25000000000023,497.0,208.24999999999997,393.5,351.75,205.25,223.0,239.0,226.99999999999997,200.5
F16B-CPLX,236.0,464.75,416.0,271.25,607.25,224.75,455.25,334.5,244.75,152.0,200.75,228.5,306.0,80.0
HISTCYCLOPRATPPHOS,1903.0,435.999999999999,718.0,1303.0000000000018,888.000000000001,1515.0000000000002,1006.0,1422.0000000000023,717.0000000000022,401.0000000000005,568.0000000000001,581.9999999999989,1469.0,205.9999999999996
ARGSUCCINLYA-MONOMER,2883.0,1219.0,1416.0,1802.0,1328.0,2019.0,1281.0,1922.0,1523.0,738.0,803.0,944.0,2554.0,164.0
DIHYDROXYACIDDEHYDRAT-CPLX,599.5,252.0,339.5,355.0,496.9999999999999,607.5,359.5,738.0,420.5,138.49999999999952,191.5,255.0,451.0,33.39999999999998
PHOSGLYCMUTASE,6028.0,5190.5,5313.0,5447.5,4658.0,5506.5,4763.5,7413.0,4486.0,3997.0,4138.5,4359.5,5453.5,2240.0
AROH-CPLX,150.0,49.999999999999105,70.50000000000477,83.0,68.0,127.00000000000003,93.5,110.50000000000006,85.50000000000034,33.000000000000384,34.5,58.99999999999874,123.5,69.5
CPLX0-9871,900.9999999999995,1268.9999999999995,1338.9999999999993,1417.9999999999998,3334.1999999999994,1307.0000000000002,1250.9999999999995,1768.9999999999993,944.9999999999975,702.9999999999989,785.0000000000006,979.9999999999999,640.9999999999989,2117.2
PROPKIN-MONOMER,11.5,11.5,11.5,11.5,11.5,11.5,11.5,11.5,11.5,11.5,11.5,11.5,11.5,11.5
AICARTRANSIMPCYCLO-CPLX,2728.0,1138.0,2134.0,2376.0,2584.0,2814.0,2185.0,2502.0,2258.0,832.0,1010.0,1276.0,2349.0,675.0
SULFITE-REDUCT-CPLX,482.24999999999994,235.8499999999999,299.65,386.24999999999994,283.85,505.95,293.79999999999984,337.74999999999994,299.0499999999999,124.49999999999996,143.44999999999996,201.79999999999998,408.1499999999999,41.35
PEPCARBOXYKIN-MONOMER,1147.0,7097.0,8349.0,5292.0,8611.0,2422.0,8367.0,2848.0,5553.0,5504.0,6325.0,7880.0,1442.0,1219.0
CPLX0-243,1391.6666666666667,934.6666666666666,1272.6666666666667,1261.8333333333333,1116.8333333333333,1534.6666666666667,1340.1666666666667,1602.3333333333333,986.8333333333334,686.1666666666666,741.5,900.5,1810.6666666666667,468.6666666666667
IMP-DEHYDROG-CPLX,2809.25,1010.2499999999999,1493.0,1389.0,1100.0,1900.25,1669.75,2193.25,1750.75,624.75,698.75,1005.25,2711.5,342.25
GLU6PDEHYDROG-MONOMER,1234.0,625.0,843.0,1171.0,998.0,1519.0,871.0,1773.0,997.0,920.0,864.0,816.0,1352.0,599.0
CPLX-157,4600.274999999997,1961.525,2456.4249999999997,2894.125,2385.0749999999994,4360.674999999999,2322.474999999999,2906.7749999999996,6851.875,3411.8249999999994,4134.424999999998,5503.274999999998,3867.174999999999,651.0349999999999
CPLX-8401,9.5,0.5,1.5,0.5,1.0,82.0,3.0,82.0,7.5,1.0,6.5,2.5,82.0,82.0
ACETYLGLUTKIN-CPLX,3195.5,1171.5,1464.0000000000005,1932.0,1952.5,2743.0,1814.4999999999995,1837.9999999999995,1374.0,1131.5,935.5,880.5,2641.5,106.0
TRYPSYN-APROTEIN,4387.0,2383.0,2537.0000000000005,3797.0,3399.0,3863.0,2359.0,3178.0000000000014,3625.0,1823.0,2350.0000000000005,2960.0,4479.0,995.0
G6425-MONOMER,135.0,66.0,53.0,76.0,77.0,124.0,81.0,152.0,74.0,29.0,32.0,33.0,97.0,30.3
GLUCONOKINII-CPLX,8.0,2.0,4.0,6.5,2.5,27.0,23.5,30.0,3.0,0.5,0.5,2.0,8.199999999999818,8.2
DIHYDROOROTOX-MONOMER,1545.0,615.0,955.0,1026.9999999999984,704.0,1206.0,1062.0,952.0,970.0,235.9999999999999,307.00000000000057,496.0000000000003,1802.0,243.0
THRESYN-MONOMER,14609.0,5601.0,8868.000000000002,11108.999999999998,19636.000000000004,14507.0,10117.0,16975.0,8768.999999999998,2992.0,3422.999999999999,5093.999999999999,13676.0,888.9999999999998
CPLX0-3181,5498.0,2288.5,2399.0,3653.0,3452.5,5065.5,2481.0,4854.0,2901.5,1292.5,1831.5,2181.0,5929.0,732.0
CPLX0-7843,5.2,7.6,7.6,6.800000000000147,7.600000000000001,6.8,8.6,4.800000000000001,10.4,13.2,13.6,13.2,0.2000000000000455,15.0
PSERTRANSAM-CPLX,9075.0,4001.0,3848.0,4843.0,4361.0,7818.5,5023.5,7838.0,3835.0,1630.5,2369.5,3011.0,9092.0,710.5
N-ACETYLGLUTPREDUCT-MONOMER,1718.0,833.0,932.0,1243.0,1075.0,1569.9999999999998,1047.0,1573.0,1142.9999999999998,590.0000000000001,620.0,634.0,1352.0,52.599999999999795
PRIBFAICARPISOM-MONOMER,2121.0,690.0,1015.0,1633.0,1315.0,1074.0,984.0,750.0,989.0,566.0,837.0,884.0,1674.0,95.7
AROA-MONOMER,2056.0,636.9999999999999,770.0,1151.0,1018.0,1644.0,911.0,1633.0,799.0,370.00000000000006,444.9999999999984,551.9999999999999,1967.0,169.0
ENOLASE-CPLX,17650.181818181813,9317.106060606058,10305.136363636359,12843.772727272724,9406.893939393936,25751.439393939385,11358.590909090906,23263.31818181818,11371.257575757572,6874.439393939391,6594.33333333333,7329.530303030301,17526.181818181816,2733.869696969696
GAPDH-A-CPLX,11770.75,5063.0,5649.25,8141.25,5268.0,15690.5,6108.0,9936.75,8498.0,3293.5,3839.25,5361.5,10751.25,2168.75
EG11919-MONOMER,3.0000000000002283,1.0,4.0,4.000000000000114,1.0,1.0,2.0000000000000107,1.0,9.0,12.0,6.0,5.0,3.4200000000000728,3.419999999999959
ADENYL-KIN-MONOMER,5283.0,4032.0,4676.0,3675.0,5148.0,4457.0,5878.0,4643.0,3157.0,2265.0,2560.0,3108.0,5790.0,2164.0
CYSTATHIONINE-BETA-LYASE-CPLX,532.0000000000005,190.0,236.2499999999999,251.5,260.75,219.5,160.75,257.25,291.25,194.5,231.25,254.25,286.74999999999983,74.75
AROB-MONOMER,305.00000000000006,212.00000000000017,221.0,250.0,271.0,259.9999999999937,247.00000000000068,276.0,210.0,173.0,215.00000000000068,226.00000000000097,561.0,170.99999999999963
GCVMULTI-CPLX,1779.1365275631117,1353.8214837712517,1786.5695517774345,1556.187789799073,2724.0692941782586,1782.1983513652754,2180.135239567234,1754.2235960844923,2010.6107676455442,908.2982998454407,1233.4209170530653,1506.3830499742405,1738.7877382792376,352.12184441009794
PYRUVATEDEH-CPLX,355.09801648634726,162.3850463678516,275.57509015971146,242.0944100978877,865.0698737764038,474.7666151468316,301.7802679031427,543.5278207109737,323.65971148892316,241.41557187016997,233.35690365790828,283.3817619783616,321.3267001545595,88.59234930448221
VALINE-PYRUVATE-AMINOTRANSFER-MONOMER,553.0000000000019,363.0000000000001,368.0,372.0,329.0,361.0,273.9999999999982,380.0000000000019,370.00000000000233,160.00000000000003,250.99999999999943,348.0,385.0000000000002,42.09999999999991
AROE-MONOMER,121.0,125.0,129.0,156.0,115.0,164.0,101.0,161.0,103.0,73.0,83.0,89.0,234.0,42.800000000000075
PURK-CPLX,113.49999999999967,45.499999999999986,69.5,82.50000000000047,105.99999999999906,159.00000000000088,113.0,143.5,68.50000000000045,23.500000000000085,30.0,39.50000000000067,149.0000000000005,35.35000000000002
EG11404-MONOMER,0.0,0.0,0.0,0.0,0.0,0.0,0.0,0.0,0.0,0.0,0.0,0.0,0.0,0.0
CPLX0-7643,8334.5,3901.0,4988.5,7266.25,3519.75,8947.5,6193.5,7336.25,6714.25,1699.5,2895.75,4460.0,8682.5,526.75
ASPCARBTRANS-CPLX,2286.9999999999995,1740.6499999999996,3110.899999999999,2798.749999999999,1591.6999999999996,2517.9499999999994,3093.7999999999997,2374.2999999999993,4094.8499999999985,1416.7499999999998,1530.1999999999996,2501.2999999999997,2644.1499999999987,498.19999999999993
CPLX0-7534,8005.666666666667,6993.333333333333,11637.0,12204.333333333334,9142.333333333332,9014.333333333332,9547.666666666666,7718.333333333333,14916.666666666666,8392.333333333332,11270.666666666666,15094.333333333334,8404.666666666666,299.3333333333333
CPLX0-7654,11.5,17.50000000000003,16.749999999999886,322.25,20.5,19.250000000000036,12.75,31.25,22.75,29.25,31.0,31.0,10.0,15.399999999999999
ACETOLACTSYNIII-CPLX,493.50000000000205,302.2500000000006,325.2500000000002,429.49999999999983,449.25000000000387,593.5000000000006,426.49999999999994,567.7499999999999,382.50000000000176,249.75000000000193,296.25000000000114,317.0000000000029,483.00000000000034,147.0000000000003
EG11162-MONOMER,0.17299999999977445,0.17299999999977445,0.17299999999886495,0.17299999999977445,0.17299999999977445,0.17299999999977445,0.17300000000000182,0.17300000000000182,0.17299999999886495,0.17300000000000182,0.17300000000000182,0.17300000000000182,0.17299999999886495,0.17300000000000182
FOLD-CPLX,930.4999999999999,613.5,692.0,794.5,687.5,884.5,692.5,1020.0,698.5,352.0,414.5,538.5,819.5,81.0
6PGLUCONOLACT-MONOMER,1802.0,2924.0,3091.0,3349.0,1775.0,2488.0,2455.0,3014.0,3263.0,3275.0,3490.0,3048.0,776.0,718.0
MALIC-NAD-CPLX,132.0,153.0,146.0,120.25,120.0,128.0,129.75,111.25,133.5,59.75,72.5,92.25,122.5,82.0
ACETYLORNDEACET-CPLX,1072.5,400.0,455.5,689.0,664.5,916.5,462.5,767.5,653.5,479.0,425.0,387.5,989.5,63.5
HOMOCYSMET-MONOMER,51584.0,17413.0,19719.0,28808.0,18643.0,38848.0,19185.0,32790.0,27208.0,4243.0,8295.0,13268.0,37939.0,2005.0
EG10167-MONOMER,361.0,1952.0,2599.0,2120.0,2119.0,1233.0,2464.0,466.0,4408.0,5510.0,5893.0,5823.0,83.0,246.0
GLUTAMATESYN-CPLX,727.9999999999999,331.99999999999994,347.875,566.3749999999999,405.49999999999994,858.2499999999999,368.37499999999994,602.875,468.62500000000017,291.0,376.49999999999994,405.6249999999999,678.4999999999999,91.62499999999999
CPLX0-7760,297.5,800.5,666.5,404.0,392.5,337.5,589.5,252.5,490.0,671.5,726.0,649.0,91.5,234.0
CPLX0-8092,6.2,6.2000000000000455,6.2000000000000455,6.200000000000003,6.199999999999818,6.200000000000003,6.2000000000000455,6.199999999999989,6.2000000000000455,6.199999999999989,6.200000000000003,6.2000000000000455,6.199999999999989,6.199999999999989
CPLX0-7776,0.029999999999972715,0.029999999999972715,0.02999999999999936,0.030000000000001137,0.029999999999972715,0.029999999999972715,0.029999999999972715,0.030000000000001137,0.029999999999972715,0.029999999999972715,0.03000000000020009,0.03000000000020009,0.029999999999972715,0.029999999999972715
FUMARATE-REDUCTASE,62.96249999999996,73.21250000000005,162.7124999999999,65.96249999999999,80.96250000000077,71.21250000000029,137.21249999999986,52.712499999999984,73.71249999999986,100.4625000000001,95.21250000000015,99.21250000000009,53.96249999999999,173.71249999999998
EG10043-MONOMER,917.0,823.0,881.0,861.0,837.0,730.0,680.0,690.0,612.0,968.0,721.0,633.0,515.0,362.0
ISOCITHASE-CPLX,16835.0,15027.0,14793.5,12295.5,17722.5,11849.5,14060.5,16111.0,15266.0,7637.0,11100.5,13716.5,18841.0,2058.5
CPLX0-8015,6.5,17.5,6.5,6.5,7.25,3.5,2.25,3.25,7.0,6.25,8.75,6.5,1.25,35.0
GLTP-MONOMER,6.999999999996362,1.000000000000057,0.0,1.0,1.0,1.0,0.0,1.0,3.0,1.0,1.0,1.0,5.0,5.059999999999945
TRANSALDOLA-MONOMER,1446.0,1327.0,1279.0,1364.0,849.0,988.0,1109.0,1192.0,966.0,1879.0,1516.0,1063.0,286.0,1011.0
ACETOLACTSYNI-CPLX,724.4999999999999,812.7499999999999,757.2499999999999,1059.9999999999998,348.99999999999994,812.9999999999999,871.7499999999999,929.7499999999995,1153.4999999999998,878.4999999999999,803.4999999999999,917.9999999999998,392.9999999999996,128.24999999999997
ASNSYNA-CPLX,883.0,267.5,290.5,415.0,515.0,615.0,293.5,461.0,525.5000000000002,93.00000000000038,173.5,289.5000000000019,713.0,221.5
CPLX0-2381,424.8181818181823,306.39393939393966,401.3636363636368,417.72727272727326,375.60606060606113,543.0606060606067,394.90909090909133,451.18181818181847,628.2424242424246,421.06060606060606,460.66666666666714,538.9696969696975,301.818181818182,185.63030303030314
CYSSYNMULTI-CPLX,66.66666666666694,65.66666666666735,74.50000000000102,88.3333333333338,80.33333333333361,97.00000000000078,80.33333333333418,88.83333333333331,79.50000000000013,58.50000000000034,58.33333333333336,68.50000000000087,43.666666666667105,21.83333333333337
CPLX0-8306,0.2429999999994394,0.24300000000028832,0.24299999999998448,0.24299999999821845,0.24300000000080094,0.242999999999982,0.24299999999974586,0.2430000000006703,0.24299999999966548,0.24299999999982622,0.2430000000001076,0.24300000000002722,0.24299999999949215,0.24299999999999203
CPLX0-8307,0.0,0.0,0.0,0.0,0.0,0.0,0.0,0.0,0.0,0.0,0.0,0.0,0.0,0.0
CPLX-168,3220.2749999999983,1689.0249999999994,2070.9249999999993,2446.624999999999,2026.0749999999982,2781.6749999999984,1943.4749999999992,2251.774999999999,2164.874999999998,2265.3249999999985,2214.9249999999997,2148.2749999999987,3001.174999999999,394.4349999999998
CPLX0-7,12852.350000000004,6729.349999999999,8238.950000000003,9743.749999999998,8057.549999999999,11083.949999999999,7725.150000000002,8982.35,8604.750000000002,8886.550000000001,8700.950000000004,8508.35,11999.950000000003,1535.3900000000003
CPLX0-7921,1107.9166666666667,952.8333333333334,929.0,1369.5,508.3333333333333,2224.4166666666665,863.25,1223.6666666666667,5744.916666666667,1459.6666666666663,2684.8333333333335,4041.166666666667,592.4166666666666,629.4166666666661
CPLX0-8240,1381.0,457.5,786.5,1066.5,842.5,1056.0,826.5,1000.0,876.5,360.0,532.5,629.0,1610.5,162.0
RIBULOKIN-CPLX,2.9950000000000045,2.994999999999891,2.9950000000000045,2.9950000000000045,2.9950000000000045,2.994999999999891,2.9950000000000045,2.994999999999891,2.9950000000000045,2.995,2.994999999999891,2.9950000000008004,2.9950000000000045,2.995
PITB-MONOMER,,,,,,,,,,,,,,
CPLX0-7653,,,,,,,,,,,,,,
EG11512-MONOMER,,,,,,,,,,,,,,
CPLX0-8255,,,,,,,,,,,,,,
