glucose_g_gDW,acetate_g_gDW,fumarate_g_gDW,glycerol_g_gDW,pyruvate_g_gDW,fructose_g_gDW,succinate_g_gDW,xylose_g_gDW,glucose_chemostat_mu_0_5_g_gDW,glucose_chemostat_mu_0_12_g_gDW,glucose_chemostat_mu_0_20_g_gDW,glucose_chemostat_mu_0_35_g_gDW,glucose_MG1655_g_gDW,paxDB_g_gDW,enzyme
0.0036958954212257503,0.002812365743443333,0.0037113364397951373,0.003232752089444013,0.005658854773357437,0.0037022559114948794,0.004528911483036041,0.0036441424568215757,0.004176749234746266,0.0018868566158348494,0.0025622512095934595,0.0031292900408478527,0.003612076724202802,0.0007314815318031754,GCVMULTI-CPLX
0.0019270338224130568,0.0016807845637424677,0.0014985544966076767,0.001811911592019737,0.00172402559662191,0.0018891277221615979,0.0015788592719552116,0.002222982190302225,0.0023586017934241117,0.0012817877603548892,0.0013463685237462635,0.0018795810006167857,0.0019225412475684393,0.0006657434347867343,ADENYLOSUCCINATE-SYN-DIMER
1.500932950016599e-06,1.500932950016599e-06,1.5009329500166056e-06,1.500932950016599e-06,1.5009329500166073e-06,1.500932950016599e-06,1.5009329500166056e-06,1.5009329500166056e-06,1.5009329500166321e-06,1.500932950016599e-06,1.5009329500166056e-06,1.5009329500166321e-06,1.5009329500170298e-06,1.5009329500166052e-06,B2789-MONOMER
0.002974392477932106,0.0012214055960644303,0.001276161874395075,0.0015889800386380889,0.0015978877585579067,0.00201262071835413,0.001133114372153295,0.0031192739225103195,0.0025384381853857285,0.0008774104121020543,0.0010833359373072543,0.0015963158079838214,0.003173506217316269,0.0004928065049758031,PGLYCDEHYDROG-CPLX
0.0006148384758801073,0.0006897308092084972,0.0006426313814495657,0.0008995566382786921,0.00029617477996156936,0.0006899429687929968,0.0007398004711504244,0.0007890214947543525,0.0009789043228815768,0.0007455287799319161,0.0006818809045820085,0.0007790499942828673,0.00033351486683351483,0.00010883786684834174,ACETOLACTSYNI-CPLX
6.485540354414764e-05,3.869825183849693e-05,4.604375334487835e-05,4.2102264731698054e-05,3.278601891872657e-05,1.1573643836883849e-05,4.1206471865066184e-05,1.1573643836883708e-05,4.496880190492005e-05,2.2753138812449586e-05,2.7411261718935328e-05,1.8274174479290172e-05,5.5539157731176154e-06,1.1573643836883746e-05,CPLX0-7997
0.0003663088980523793,0.0001776107753653271,0.00019871937892014985,0.000265030244632775,0.00022920958405489385,0.0003347526018290078,0.00022323947395858039,0.0003353922564821843,0.00024370842286022668,0.0001257987484580348,0.00013219529498979926,0.00013518035003795602,0.0002882710303648526,1.1215278252360394e-05,N-ACETYLGLUTPREDUCT-MONOMER
1.8583823599187596e-06,1.8583823599187596e-06,1.8583823599184172e-06,1.858382359918303e-06,1.8583823599184172e-06,1.8583823599184172e-06,1.858382359918303e-06,1.8583823599183886e-06,1.858382359918303e-06,1.8583823599184172e-06,1.858382359918303e-06,1.8583823599183958e-06,1.8583823599183958e-06,1.858382359918303e-06,CPLX0-8581
3.2094274849362093e-06,3.20942748493618e-06,3.2094274849362093e-06,3.209427484936092e-06,3.2094274849362093e-06,3.20942748493618e-06,3.2094274849365625e-06,3.2094274849362093e-06,3.2094274849362093e-06,3.209427484936186e-06,3.2094274849362093e-06,3.2094274849362093e-06,3.20942748493618e-06,3.20942748493618e-06,CPLX0-8092
0.003267826552640319,0.0019753155928263037,0.0013969371115433885,0.0021217495374104473,0.001957041016273663,0.0025612887033259002,0.001468611424775822,0.0024554385586183993,0.0018908253427907197,0.0006113676519428761,0.0008491744792902215,0.0011705222280210656,0.0035386225506476255,0.00040749932390757694,ASP-SEMIALDEHYDE-DEHYDROGENASE-CPLX
2.5490394025478e-05,2.6038574542154948e-05,2.0556769375385485e-05,2.1104949892062434e-05,1.8638137567016176e-05,1.9460408342031592e-05,2.1653130408739377e-05,2.8505386867201207e-05,2.7409025833847317e-05,2.192722066707785e-05,2.3023581700431743e-05,2.932765764221663e-05,2.192722066707785e-05,1.4006012201095978e-05,CPLX0-7887
1.0013724094985054e-05,1.0308245391896378e-05,1.3547979657920955e-05,1.6493192627034206e-05,6.7739898289604776e-06,1.0013724094985054e-05,8.246596313517103e-06,1.266441576718698e-05,1.1191809282630354e-05,4.712340750581202e-06,6.7739898289604776e-06,9.130160204251079e-06,2.6948698667386517e-06,2.6948698667386246e-06,CPLX0-8159
3.179294966076766e-07,3.179294966076766e-07,3.179294966076766e-07,0.0,3.1792949660782117e-07,0.0,0.0,1.112753238126868e-05,0.0,0.0,0.0,0.0,1.36391754044721e-07,1.3639175404468488e-07,XYLE-MONOMER
0.009921675024908667,0.004267649950182663,0.004761805546330123,0.006862335602789769,0.00444044636333444,0.013225668880770505,0.005148490202590501,0.0083757793091996,0.007163043507140484,0.0027761218864164727,0.0032361396545998,0.004519258385918299,0.009062328960478245,0.0018280596147459312,GAPDH-A-CPLX
1.9577798073729654e-06,2.7968282962455045e-07,0.0,2.7968282962470937e-07,2.7968282962470937e-07,2.7968282962470937e-07,0.0,2.7968282962470937e-07,8.390484888741282e-07,2.7968282962470937e-07,2.7968282962470937e-07,2.7968282962470937e-07,1.3984141481235468e-06,1.4151951179010141e-06,GLTP-MONOMER
0.0001226384803340134,7.90866525122171e-05,8.255346467713621e-05,0.0001124547195995635,0.00011830496512786452,3.9868339896569723e-05,4.983542487071215e-05,7.540316458699056e-05,0.0001388891623570717,0.00012827205010200693,0.00012133842577216871,0.00012307183185462827,9.143717084974143e-05,6.955291905868956e-05,CPLX0-8158
0.001370686002514589,0.0005641302070977843,0.0005396582234188926,0.0010377650578830002,0.001039294556862931,0.0013089962103240498,0.0007915157221141526,0.0009801539296389427,0.0008040066304502538,0.00042265155145419173,0.0005702482030175071,0.0007033146142714806,0.0008853249928832376,0.00025593616264174215,CPLX0-2401
0.0003806625705745599,0.00026983809365659246,0.00021890733975423444,0.00020182497509133176,0.0002427382929259382,0.0002972542344735968,0.0002579226170707406,0.00028850215875124544,0.00019792344735968114,0.0001226345068083693,0.00013296828296247094,0.00015774825639322483,0.0002736341746927931,6.959481899701095e-05,PURE-CPLX
0.0003437339507520045,0.00013964191749300185,0.00023882348453290315,0.0002703324300185036,0.00022450123658490295,0.0003279794780092043,0.0002671099242302035,0.0002774935539925037,0.00025314573248090333,9.488489265550126e-05,0.00012531966954500165,0.00016148334561370213,0.0004207160334725056,0.0001435805356787019,CTPSYN-CPLX
0.0003369631292404043,0.0001341309543578308,0.00020828465270199742,0.0002239877888219386,0.00015354177539498069,0.0002630275300090146,0.00023162125776913224,0.00020763035536366665,0.00021155613939365185,5.147139061536272e-05,6.695642762252698e-05,0.00010817715993737254,0.00039301460122408307,5.2998084404801436e-05,DIHYDROOROTOX-MONOMER
2.0388990368648282e-06,7.767234426151726e-07,7.475963135171037e-06,3.883617213075863e-07,9.709043032689658e-08,1.6408282725250466e-07,1.0679947335958625e-06,1.640828272524552e-07,1.7476277458841385e-06,9.709043032689658e-08,1.0097404753997244e-05,2.912712909806898e-07,1.6408282725245524e-07,1.6408282725245503e-07,G7164-MONOMER
0.001507397393224842,0.0011199954514280969,0.0016975470105446697,0.0015989208483062106,0.00158715064787446,0.0017858235137827964,0.0019834817072401194,0.0015305319251079374,0.0013949716856526072,0.0006412729890401858,0.0007202145057289935,0.0009842322774825639,0.001255149821903022,0.00019441124161408165,CPLX0-8299
5.39835484177065e-07,5.398354841771487e-07,5.398354841770637e-07,5.398354841770442e-07,5.398354841771487e-07,5.398354841770442e-07,5.398354841767307e-07,5.398354841771487e-07,5.398354841771487e-07,5.398354841770442e-07,5.398354841770637e-07,5.398354841770442e-07,5.398354841770442e-07,5.398354841770703e-07,GLY3KIN-MONOMER
0.0005420795255728993,0.0003161386360013284,0.00031807357115576216,0.0003819264312520757,0.0003777588786117568,0.0004911758468947193,0.00034352541049485216,0.0005127578159249418,0.0003201573474759216,0.00015658090634340747,0.00018992132746595812,0.00022995960104616402,0.0007464384461142477,9.942589870474925e-05,CPLX0-7521
0.001827521012240831,0.001051624104474071,0.0008931601983204441,0.0011962584333633818,0.0010879267447929022,0.0017817105375527828,0.0010141689993832142,0.0015610135337097316,0.0023201997022821086,0.0007372893379038761,0.0011616844902025904,0.001688937123404659,0.00173791687621578,0.0002982002597618257,GDHA-CPLX
1.1394292356597237e-05,2.0457934003890493e-05,4.7389897755847604e-05,1.4760787825591876e-05,1.683247734497319e-05,1.3465981875978553e-05,3.470079944963704e-05,1.4760787825591876e-05,2.4083390662807797e-05,6.499925867058878e-05,7.276809436826872e-05,6.163276320159415e-05,4.143379038762632e-06,3.9103139678322336e-05,SUCCORNTRANSAM-CPLX
0.0007953439572994257,0.0006502315636950229,0.000756078250794705,0.0006824550510983535,0.0013435700443137067,0.0009165554860748682,0.0007964109601935758,0.0008066541879774159,0.0010689234993594913,0.0005883453958343216,0.0005838639836788916,0.0007345247923328745,0.000301321617307966,0.000100468992513166,CYT-O-UBIOX-CPLX
0.00023550226550268064,9.1575532571049e-05,0.00016049159035915926,0.00019362130521421452,0.0001481460834084547,0.00023690871566162182,0.0001961216610523319,0.00020987361816197749,0.000128299508943398,4.4381316126583475e-05,4.9694572282582816e-05,7.360422498458035e-05,0.0002439409664563268,1.5174034492574838e-05,OROTPDECARB-CPLX
0.0010697436482896047,0.0015805428013948852,0.002105923115244105,0.0015888879940219197,0.0014049269345732312,0.001719017975755563,0.0027193406260378607,0.0013281695034872134,0.0019392026735303885,0.0007580369478578545,0.001100098140152773,0.0015154319578213218,0.0009684091663899035,0.00019313160079707738,NUCLEOSIDE-DIP-KIN-CPLX
4.017487071214996e-07,4.0174870712151077e-07,4.017487071214996e-07,4.017487071214996e-07,4.017487071216787e-07,4.017487071214996e-07,4.017487071216787e-07,4.017487071214996e-07,4.017487071214996e-07,4.017487071215066e-07,4.017487071214996e-07,4.017487071214996e-07,4.017487071214996e-07,4.017487071214996e-07,EG12045-MONOMER
0.0007172569260627704,0.0003160678274659596,0.0004663017840833608,0.0008203520114164745,0.0006721528262205248,0.0009441339395549705,0.00047172784120723995,0.0004934320697027595,0.0009916119393889075,0.0004876668840086351,0.0005595621409000331,0.0006643528691049483,0.00039406739862171935,0.0001905902564762536,ANTHRANSYN-CPLX
3.140451549136223e-05,0.00016793624609422983,0.00025916858580101923,0.00010711468628970367,0.0001362583503627046,6.308241122288513e-05,0.00023002492172801713,5.7697168948526013e-05,0.00014576171908216312,0.0006221972708842853,0.00043308023336708647,0.00030858610314219684,6.059031116568608e-06,0.00017078408892049385,ABC-46-CPLX
0.00024472325283484363,0.00010277913128054275,0.00013997428476538406,0.0001415965032974332,0.00012259337192200027,0.00018018212980974518,0.00015063457797599277,0.0001750837287090193,0.0001232886084357356,5.411257531906817e-05,6.848079660293212e-05,8.887440100583573e-05,0.00034182461925321437,2.352216871471272e-05,AROK-MONOMER
0.0003530594822792617,0.00021592479636570666,0.00014735745340892914,0.0003074310322389334,0.0005652442417564169,0.00045030044138160075,0.00014710811761635905,0.00011145309927883493,0.0002600572316506144,7.928878203729182e-05,9.549560855434833e-05,0.00012641324683304087,0.00015334151243061154,0.00011619047933766663,CHORISMUTPREPHENDEHYDROG-CPLX
0.002248433286740285,0.0010996225830538025,0.001397082497401195,0.0018008447008884087,0.0013234168759797408,0.0023589317188724675,0.001369807567950847,0.0015747192174111586,0.0013942850687396206,0.000580466447276652,0.0006688185691713713,0.0009408685065094652,0.001902950847035868,0.00019278945859349045,SULFITE-REDUCT-CPLX
0.0007086694303921336,0.0003821509377579826,0.0005084229453551263,0.0005293419574180386,0.0005073618360475873,0.0005928569288264459,0.0006363624104355458,0.0005810331393995825,0.00045354843545096545,0.0002648225657529534,0.0002910471243535607,0.00037608745600061676,0.0006219616412618019,0.00019675998302652177,CPLX0-8005
5.891727758931536e-06,5.891727758931533e-06,5.891727758931552e-06,5.891727758931537e-06,5.891727758931536e-06,5.891727758931474e-06,5.891727758931533e-06,5.891727758931536e-06,5.891727758931474e-06,5.891727758931533e-06,5.891727758931537e-06,5.891727758931533e-06,5.8917277589317896e-06,5.891727758931552e-06,EG10003-MONOMER
0.0015053382954998337,0.0006207998900578829,0.0006325216018527303,0.0008151098048109313,0.0005917210281052805,0.001528330884020496,0.0008162368924835126,0.0017068615713574035,0.001103869666526308,0.00037554561250415137,0.0004584992652061488,0.0006000614768823834,0.0014690460724427097,0.0001783052698023912,AROG-CPLX
0.00025829251265004505,9.380272832945864e-05,0.00011088822527518146,0.00013199383914930965,0.00016683485252882285,0.00020770604130094413,0.00013433890735754613,0.00013098880991720832,0.00015309945302343785,5.661664674170896e-05,7.068705599112776e-05,0.00010117294269820182,0.0001909555540992551,5.661664674170896e-05,PRPPAMIDOTRANS-CPLX
1.85443858234094e-06,4.63609645585235e-07,9.2721929117047e-07,1.5067313481520137e-06,5.795120569815437e-07,6.258730215400673e-06,5.447413335626512e-06,6.954144683778526e-06,6.954144683778525e-07,1.1590241139630875e-07,1.1590241139630875e-07,4.63609645585235e-07,1.9007995468994636e-06,1.9007995468994608e-06,GLUCONOKINII-CPLX
0.008049132514114913,0.010063989277411397,0.007505437206433554,0.006447972576742421,0.010211225126915595,0.007171942022109409,0.0063948240261896844,0.007851860416567822,0.0031565929686388004,0.005606453859657447,0.004397683446410779,0.003350992171561418,0.004970825923992978,0.00028585301513498124,CPLX0-7533
6.89169473834037e-05,2.2972315794468323e-05,3.2390965270201816e-05,3.8134044218816825e-05,3.124234948047635e-05,5.834968211794849e-05,4.2958230535654976e-05,5.0768817905774344e-05,3.928266000854011e-05,1.5161728424348991e-05,1.5850897898182644e-05,2.7107332637471546e-05,5.6741620012335714e-05,3.193151895431038e-05,AROH-CPLX
0.009558038428851784,0.005045458380560418,0.005580502818204999,0.006955241286650785,0.005094080882285334,0.013945082824697785,0.006150976206650829,0.012597699641562645,0.00615783554034,0.003722690031238092,0.0035710052203389146,0.003969133747372009,0.009490889162210421,0.0014804624616496721,ENOLASE-CPLX
0.009763745802035394,0.007267393101532476,0.007522222501945248,0.008372304119015989,0.0068645431785832895,0.011232245944892538,0.006781876033377616,0.009965658475281112,0.007542462540446933,0.005211687986240926,0.005202909174360677,0.006574842386535085,0.007404196253333017,0.001370226220975471,PGK
1.3642182236561176e-05,1.3642182236561208e-05,1.3642182236561176e-05,1.364218223656118e-05,1.3642182236561208e-05,1.364218223656118e-05,1.3642182236561176e-05,1.3642182236561171e-05,1.3642182236561181e-05,1.3642182236561158e-05,1.3642182236561176e-05,1.364218223656118e-05,1.364218223656118e-05,1.364218223656118e-05,CPLX0-7530
7.306042608056193e-07,7.306042608056967e-07,7.306042608056967e-07,7.306042608056193e-07,7.306042608055727e-07,7.306042608056348e-07,7.306042608056348e-07,7.306042608056193e-07,7.306042608055727e-07,7.306042608056348e-07,7.306042608055727e-07,7.306042608056193e-07,1.9082947110594486e-06,7.306042608056173e-07,GNTT-MONOMER
7.630530910471129e-05,2.1406260378611756e-05,3.3784029985292014e-05,3.553147981211747e-05,3.78614129145514e-05,8.606190397115337e-05,3.757017127674716e-05,8.606190397115337e-05,2.635736822128386e-05,9.90221568534422e-06,1.0630319779854816e-05,1.5581427622526922e-05,8.606190397115337e-05,8.606190397115337e-05,RIBULP3EPIM-MONOMER
9.938559507995398e-07,1.9877119015988988e-07,7.950847606395595e-07,0.0,0.0,5.664978919558602e-07,0.0,5.664978919556681e-07,1.9877119015988988e-07,0.0,0.0,0.0,5.664978919556907e-07,5.664978919556907e-07,CPLX0-7695
7.670043175024907e-05,6.460536366655589e-05,6.0180338757887745e-05,6.726037861175743e-05,5.752532381268681e-05,7.080039853869146e-05,6.549036864828972e-05,0.00895359540019927,6.254035204251112e-05,4.926527731650614e-05,4.926527731650688e-05,5.339530056459647e-05,1.1564065094653153e-06,1.1564065094653155e-06,XYLISOM-CPLX
3.2542721016985335e-05,8.73630094415707e-06,1.5288526652274993e-05,1.135719122740428e-05,6.98904075532571e-06,1.1794006274612143e-05,7.862670849741425e-06,9.828338562176385e-06,2.118552978958131e-05,1.7035786841106317e-05,1.5070119128671061e-05,9.173115991364995e-06,8.911026963040281e-05,1.0527242637709334e-05,ORNCARBAMTRANSFERF-CPLX
5.209306945960052e-05,4.352982516487166e-05,6.194080039853862e-05,5.1522186506618654e-05,5.3948439056791763e-05,6.693602623713024e-05,7.89245682497509e-05,6.222624187502965e-05,4.766872657399061e-05,2.982863429330549e-05,3.682195046733406e-05,4.32443836883807e-05,4.595607771504487e-05,1.3173124140057875e-05,PGAM2-MONOMER
0.0005275373985861366,0.0002537598448545809,0.0003494000094890165,0.0003839760520947004,0.000398332186743844,0.0005950718911609812,0.0003977255895051478,0.0008130424989324856,0.00047840302225174365,0.0001607482682544954,0.0001858209541206054,0.00029015567917635334,0.0004452423732030175,5.621134411918205e-05,BRANCHED-CHAINAMINOTRANSFER-CPLX
6.164361988186174e-07,1.2264119367643848e-19,0.0,0.0,0.0,0.0,0.0,1.2328723976372348e-06,0.0,0.0,0.0,0.0,6.078060920351576e-06,6.078060920351576e-06,APP-UBIOX-CPLX
1.3341462257437016e-06,1.3341462257437042e-06,1.3341462257437016e-06,1.3341462257437027e-06,1.3341462257437042e-06,1.3341462257437042e-06,1.3341462257437042e-06,1.3341462257437042e-06,1.3341462257437247e-06,1.3341462257436834e-06,1.3341462257437247e-06,1.3341462257436834e-06,1.3341462257436421e-06,1.3341462257437042e-06,FOCB-MONOMER
4.862998991046814e-06,4.862998991046726e-06,1.2529395959108258e-05,8.148597691644528e-06,9.243797258510459e-06,4.393627748104165e-06,5.645284395950807e-06,2.6725998573148454e-06,9.400254339490954e-06,1.331168136401251e-05,1.1590653473223183e-05,1.112128223028064e-05,5.175913153008289e-06,7.741809281094318e-06,ABC-42-CPLX
0.00016540884309911277,0.0001757468957928073,0.0002294380726858661,0.009290241030352992,0.00020409316930777624,0.00014173136757484461,0.00019008677533567396,0.0001363955984426154,0.0002831292495789255,0.0003394883110380984,0.0003604979019962519,0.0003801735506713479,0.0017021103531811928,0.00034615802245338524,GLYCEROL-KIN-CPLX
0.00391647301555412,0.00269420338229975,0.00409747208059521,0.004490259604484463,0.005049567258224182,0.0044101675800795725,0.004532013388529906,0.004085616678960494,0.003940777826421118,0.0018680378153543644,0.0024545955676323356,0.0032448236749250937,0.003438890907112594,0.0007258428812832892,ATPSYN-CPLX
0.00023598927741139974,9.803534658632632e-05,0.00013531225980927076,0.00018080770508136832,0.00019166790814632045,0.00023863094842719728,0.0001364863358162938,0.00014558542487071215,0.0001678928690041291,9.157792854770736e-05,0.00010537332163021302,0.0001361928168145397,0.00018198178108838866,8.776218152488493e-05,PRAI-IGPS
5.3124540102955674e-05,2.129662180338758e-05,3.2530004732646955e-05,3.861475381932901e-05,4.961410793756227e-05,7.442116190634339e-05,5.289051129192959e-05,6.716626876453005e-05,3.2061947110594585e-05,1.099935411823321e-05,1.4041728661574228e-05,1.8488276071072768e-05,6.974058568581904e-05,1.6545836939554964e-05,PURK-CPLX
0.0,0.0,0.0,0.0,0.0,0.0,0.0,0.0,0.0,0.0,0.0,0.0,0.0,0.0,KETOBUTFORMLY-MONOMER
0.00018522160411823312,0.00012023156758551974,0.00015295869312520756,0.00016015401859847226,0.00014808444038525405,0.00017965102955828626,0.0001569045167718366,0.00019404168050481566,0.00016758145134506807,9.748505479907007e-05,0.00011674995848555296,0.00014460283128528726,0.00015527976585851875,2.994183825971438e-05,AROC-CPLX
2.4349737094937607e-05,1.1904315913080609e-05,9.55952641504958e-06,1.3708000142335245e-05,1.388836856526071e-05,2.2365684442757506e-05,1.4609842256962564e-05,2.741600028467049e-05,1.3347263296484319e-05,5.230684264838449e-06,5.7717895336148405e-06,5.9521579565403044e-06,1.7495737023769984e-05,5.465163214641552e-06,G6425-MONOMER
6.11456860558903e-05,2.714476680742041e-05,3.903809247046543e-05,4.099699316790814e-05,3.246178298619347e-05,5.149110404706551e-05,3.87582495136879e-05,6.044607866394647e-05,3.7778799164966547e-05,1.9029321060872038e-05,2.2387436542202395e-05,2.8404060112919292e-05,7.108011102149262e-05,1.7210341841818093e-05,GUANYL-KIN-CPLX
0.0028016755316458693,0.0021323727652642686,0.003810989248533946,0.00342859177708521,0.0019499024677397158,0.003084599433715661,0.0037900409968543904,0.0029086218691678125,0.005016371250878919,0.0017355810273105752,0.0018745622643307866,0.0030642024518171464,0.0032391999811986986,0.0006103168998102196,ASPCARBTRANS-CPLX
0.0003426299046353845,0.0002259037576505195,0.0002548091284338378,0.0002925518100298904,0.0002531521326564501,0.00032569172557764383,0.0002549932390757698,0.000375585709541206,0.00025720256677895336,0.00012961389192010247,0.00015262772216159795,0.00019828716136072495,0.00030175734212648853,2.982592399297812e-05,FOLD-CPLX
6.325759121317074e-05,3.252460027518143e-05,3.9966669829672146e-05,3.9966669829672146e-05,4.8097819898467096e-05,5.1543222469990974e-05,3.7348163875313874e-05,4.9200348721355025e-05,3.155988755515491e-05,1.860517388622669e-05,2.1637128149167343e-05,2.7976668880770505e-05,1.9983334914836046e-05,9.316368553399462e-06,GART-MONOMER
0.0009569252994540849,0.0027288077033763096,0.0017436291537457887,0.0013219362334105302,0.0021475979854610468,0.0016772954359402425,0.0021132027243766895,0.0012587612640719145,0.002266928483100654,0.001774163722259453,0.0018868257509133172,0.0021897146316867907,0.0008042524568857636,0.0003916848098994163,CPLX0-8160
0.0007473323290790909,0.0004059477866869098,0.0004321819281681454,0.0006468249039237082,0.0005790249798358399,0.0006580681074156662,0.0004018593490534705,0.0005413772832945865,0.0006175244342173933,0.00031055090857332637,0.0004003261849409308,0.0005042406414575128,0.0007630046733406082,0.0001694998102196707,TRYPSYN-APROTEIN
0.0005453523746263704,0.00019476870522370355,0.00024217950846894707,0.0002578122598092707,0.0002672944204583195,0.0002250091094558049,0.00016478457560373865,0.00026370657588840917,0.00029855992313896663,0.0001993816482421597,0.00023705401622621815,0.00026063128054277173,0.0002939469801205103,7.662610902879915e-05,CYSTATHIONINE-BETA-LYASE-CPLX
0.00011845053850168388,7.577643877212126e-05,9.053290316458706e-05,8.813996299283549e-05,0.00016770522370356311,0.0001419811168572381,7.976467239170605e-05,0.0002337104901077003,6.520761968022197e-05,3.011116382786924e-05,3.5096455852352e-05,4.1477629643687425e-05,0.000168303458746501,3.6093514257247234e-05,HOMOSERKIN-CPLX
5.0773070171276745e-05,1.5271587512454332e-05,2.122155667315083e-05,1.903990131422878e-05,1.626324903923708e-05,1.0412446031218863e-06,2.697319352849077e-05,1.0412446031218863e-06,3.2129833467761066e-05,1.626324903923708e-05,1.765157517673293e-05,3.748480571238791e-05,1.0412446031218863e-06,1.0412446031218863e-06,MHPF-MONOMER
1.2213431702804465e-08,1.2213431702792894e-08,1.2213431702885463e-08,1.2213431702792894e-08,1.2213431702792894e-08,1.2213431702885463e-08,1.2213431702792894e-08,1.2213431702885463e-08,1.2213431702885463e-08,1.2213431702804465e-08,1.2213431702804465e-08,1.2213431702804465e-08,1.2213431702792894e-08,1.2213431702792894e-08,CPLX0-7776
0.0008608711806708734,0.0004376013367651942,0.0003975516854865492,0.0006596413151776817,0.00038027536532713374,0.0008353493440717367,0.00045487765692460967,0.0007352252158751244,0.00048393328628362666,0.00018140136167386247,0.0002438317004317502,0.0002561999750913317,0.0006584633842577215,6.321562603786116e-05,METHYLENETHFREDUCT-CPLX
0.00010935320912606157,6.79222045416805e-05,9.133303241092183e-05,9.718573937823218e-05,8.825266032286375e-05,8.424817660838828e-05,0.00010442461378516865,0.00010858311610404704,0.0001028844277411396,3.434614878184748e-05,4.836184178251174e-05,6.514986966242823e-05,0.00010165227890591638,5.375249293661336e-05,UMPKI-CPLX
8.357926175451914e-06,8.357926175451914e-06,8.357926175451914e-06,8.357926175451914e-06,8.357926175451914e-06,8.357926175451914e-06,8.357926175451914e-06,8.357926175451914e-06,8.357926175451914e-06,8.357926175451914e-06,8.357926175451914e-06,8.357926175451914e-06,2.0894815438629785e-07,8.357926175451914e-06,THREDEHYDCAT-CPLX
0.00047213672337144744,0.00026465283971865023,0.00017150686819756116,0.0003319249302616596,0.00021438358524695112,0.0003905723938119751,0.00021758701812995204,0.0002984120939471936,0.0002981656760331166,0.00018407418181548606,0.00019122030132371777,0.0001609108978922522,0.00017643522647910043,5.593686649546899e-05,O-SUCCHOMOSERLYASE-CPLX
0.000665583557776249,0.0004219009735137828,0.0005685926966124211,0.0007060118708426247,0.0006151408919319637,0.0009139024164729325,0.0007466256348863691,0.0009177968869976751,0.0005695199514992646,0.00022346842772927834,0.00035847673925368885,0.00042672269892536885,0.000799664614413816,8.938737109171135e-05,DIHYDRODIPICSYN-CPLX
0.0,0.0,0.0,0.0,4.912424021972345e-05,0.0,0.0,0.0,0.0,0.0,0.0,0.0,0.0,8.97018603743944e-05,CPLX0-9871
4.526335238329998e-05,5.2632014077623046e-05,0.00011697301131098164,4.742003385480921e-05,5.8203441212355766e-05,5.119422642995061e-05,9.864121880315358e-05,3.789469068897674e-05,5.29914609895413e-05,7.222187077716531e-05,6.84476782020241e-05,7.132325349736982e-05,3.879330796877214e-05,0.00012488084337318223,FUMARATE-REDUCTASE
0.0007337492791905868,0.0003325289286544573,0.000451698137827964,0.0005240322866276034,0.00045195833260781886,0.0007100715542237981,0.0003843076898455661,0.0004857836539889452,0.0006257684455508379,0.00015897901049129377,0.0002435423139441096,0.00036713483437514815,0.00048083995317170356,0.0001103225866584428,SULFATE-ADENYLYLTRANS-CPLX
0.0009426221117806139,0.0002912365967642454,0.0004003477724533852,0.0006735359040660436,0.00047336201783935094,0.0005387193386155525,0.00037600969065806325,0.00057591011529155,0.0004654316316363809,0.0002969792902215685,0.0004060904659107085,0.0003910500782843856,0.0008042505456184466,0.00010118078948616976,HISTDEHYD-CPLX
0.0020596108113109073,0.0012059121932675426,0.0017367483673554106,0.0017342325561038095,0.002270938956445414,0.002017680623784219,0.0016042489747710772,0.0014432370546685958,0.0019162095699696345,0.0010222579719006497,0.0012310703057835553,0.0014507844884233995,0.0020310982837927595,0.0003765330839896569,FGAMSYN-MONOMER
0.00032662635538738906,0.0004167301775632205,0.0003955037963775679,0.0003998357109052521,0.00027247742379133647,0.00028893869899653646,0.0003695123092114627,0.000283307210110547,0.00038424081860558896,0.0006385242013806519,0.0005098663399084309,0.0004050340083384731,8.707148200645251e-05,0.0003196952921430943,CPLX0-1261
0.0,0.0,0.0,0.0,0.0,0.0,0.0,0.0,0.0,0.0,0.0,0.0,0.0,0.0,PYRUVFORMLY-CPLX
0.00430494224925274,0.0016795381073148453,0.00205935003341913,0.0025435797076967786,0.002137816002075725,0.0031502407182829625,0.0024498479863832613,0.0038152169040186,0.0025075525314264364,0.0009015953519179675,0.001195308433037197,0.0015891648515858519,0.0038555184910328793,0.0006155151471272005,6PGLUCONDEHYDROG-CPLX
0.0008697291851510447,0.0006287478459254841,0.0008333809086953281,0.0007996620820257695,0.0008787002491273492,0.0008126546574397277,0.0007662526023898764,0.0005948743457390926,0.0006538049556524036,0.00032821720271928104,0.00037724870755529046,0.0005096492379641992,0.0007070126454428998,0.00010387254696426027,ABC-7-CPLX
3.90715268064715e-05,9.352227161123497e-06,1.621052707928073e-05,2.493927242966266e-05,1.8912281592494363e-05,2.992712691559519e-05,1.787314524125824e-05,2.9303645104853726e-05,1.787314524125824e-05,8.520918080134742e-06,1.413225437680884e-05,1.6418354349527918e-05,4.4475035832898406e-05,5.3203781183280384e-06,PSERPHOSPHA-MONOMER
0.0022200903295060965,0.0014040311595578117,0.002023542676851544,0.0023596161870759595,0.0023439508587559895,0.002613394505859467,0.0020080862195758407,0.00279093489348579,0.0020822354402903636,0.0007882793210608719,0.001019081824975091,0.0014520714997390519,0.0019314305463301225,0.0004735106573516155,TRANSALDOLB-CPLX
0.0010293991614081699,0.00037738730013759064,0.00047161332257911475,0.0006223749584855528,0.0006289788335626511,0.0008836306993405132,0.0005845234793851115,0.0005920937752051998,0.0004426207002894149,0.00036450169023105746,0.00030136220168904487,0.0002836444880675618,0.0008509334642026852,3.4146866252312945e-05,ACETYLGLUTKIN-CPLX
0.0003869105933244768,0.00010712847073231476,0.00017785406306044494,0.00030712142718959044,0.00022005168537386717,0.000267895468419367,0.00021024519568131137,0.00024040758064477861,0.00019018646676471974,0.00010356247448047632,0.0001643329939388907,0.00015571516966361466,0.0003828988475411584,5.230127836029794e-05,GLUTAMIDOTRANS-CPLX
0.0008851548763106703,0.00015330242586705887,0.0002419512199554016,0.0005522219992646012,0.00019762682291123021,0.0012147550919248467,0.00021462339621388242,0.0008218343091047112,0.0005695518387104425,0.00018529597561322766,0.00022162198522085683,0.0002662796484082175,0.0008015050743701664,0.00017529799131754992,PGMI-MONOMER
7.051747746951662e-05,6.620448190563171e-05,7.526177258978983e-05,6.491058323646631e-05,6.965487835673958e-05,4.6796001868150177e-05,5.499069343953124e-05,5.8225440112444867e-05,7.051747746951674e-05,5.9519338781610286e-05,5.9088039225221806e-05,6.534188279285476e-05,6.512623301466053e-05,2.760317160886279e-05,GLYC3PDEHYDROGBIOSYN-CPLX
0.00023253384693030314,0.00011328572029937845,0.00021667159612373673,0.00023872124972719076,0.00015603504871423827,0.0002476086101081747,0.0002543585040684158,0.00021667159612373635,0.00028810797386962086,0.00017043482249608574,0.000200584348851829,0.0002114966774208852,9.067357553257104e-05,0.00015727252927361576,FABA-CPLX
0.0004980113986810267,0.00028213911491198936,0.00031052475447169905,0.00042538052735209,0.0003351727831285287,0.0005688239728139679,0.00040376299402191963,0.0005734707323148456,0.000505082554443232,0.0002887051881197514,0.0003320412712909807,0.00038901458343217727,0.0004235622301560943,6.434751743606776e-05,FABZ-CPLX
0.0027655271475423445,0.002571125012454334,0.002284367610843573,0.002956508717203587,0.0018767502308203253,0.011398464190468282,0.0023100218515443366,0.004783660749335768,0.005902755738126868,0.004565884750498172,0.004467828541597476,0.004353809694038525,0.0016264788604284288,0.0014645720968947192,ADHE-CPLX
9.904700929921403e-06,5.5713639583432054e-05,0.0001605352697964609,2.6072561631161666e-05,3.388702763676063e-05,1.9605417350666633e-05,0.00015272080379086223,1.5024523485316044e-05,6.891739248944333e-05,0.00015784062634625418,0.00015191241075580066,0.0001085286512074778,7.4795218247382744e-06,1.893175648811501e-05,DCTA-MONOMER
0.00038684238155928225,0.0002779590947774825,0.0003450526693789409,0.0004067787580122863,0.0004332327959980071,0.0004903581823729653,0.00033930179155595915,0.0004182805136582503,0.0005697202963301231,0.0003143813209897043,0.0004324660122882762,0.00048307373713052143,0.00029022763413317853,0.00024613757082364655,RIBONUCLEOSIDE-DIP-REDUCTI-CPLX
3.9906675523082026e-05,3.447633676519428e-05,2.854085021587512e-05,3.510777150448356e-05,3.157173696446363e-05,4.0159249418797735e-05,2.7656841580870138e-05,4.5084440385254065e-05,3.5486632348057115e-05,2.159506808369312e-05,2.6772832945865158e-05,3.131916306874792e-05,3.611806708734639e-05,5.3419378943872695e-06,EG11736-MONOMER
0.0005693317893912797,0.00010424683304075532,0.00015064938677231102,0.00019429745101295248,0.00017120211605067072,0.0002673973644256773,0.00023540290956967306,0.00035024393296009945,0.00018921223964511077,0.00010615378730369596,0.00012479956231911562,0.00014853054870237687,0.00044855801940503855,3.0511268207050336e-05,HOMSUCTRAN-CPLX
3.1489923850642874e-05,1.8893954310385726e-05,3.3731579446790333e-05,3.170341485979978e-05,3.031572330027993e-05,2.8180813208710936e-05,2.4551466053043596e-05,2.337726550268066e-05,2.0708627888219383e-05,1.8146735778336572e-05,1.6545553209659815e-05,1.9000699814964175e-05,2.6579630640034156e-05,9.938006476253733e-06,DIHYDROFOLATEREDUCT-MONOMER
1.3992119128671059e-05,0.0,2.6400224771077465e-07,5.280044954215493e-07,2.6400224771077465e-07,2.9040247248185218e-06,5.280044954215493e-07,1.3200112385538737e-06,2.6400224771077465e-07,7.656065183612466e-06,7.920067431323241e-07,5.280044954215493e-07,5.834449674408218e-05,5.8344496744081215e-05,CPLX0-7532
1.8701250177919057e-05,1.8701250177919057e-05,1.8701250177919057e-05,1.8701250177919057e-05,1.8701250177919057e-05,1.8701250177919057e-05,1.8701250177919057e-05,1.8701250177919057e-05,1.8701250177919057e-05,1.8701250177919057e-05,1.8701250177919057e-05,1.8701250177919057e-05,1.8701250177919057e-05,1.8701250177919057e-05,G6700-MONOMER
0.0008603382478531101,0.0003637711842292546,0.0004225594724106846,0.0005377487071215068,0.0003962987142382692,0.0006025053494330312,0.0003822730820325473,0.0005735588319020733,0.0004544901670066897,0.00022023226740048392,0.00023962941832329077,0.0002817063149404564,0.0007621588224130568,4.894050386677421e-05,ARGSUCCINLYA-MONOMER
0.00011040301533662286,6.248228206101437e-05,6.552696953432657e-05,7.188109991341272e-05,6.287941520970727e-05,7.955900745480856e-05,5.956997230393324e-05,7.002781188617924e-05,5.91728391552402e-05,1.6679592245101296e-05,2.1180434596954026e-05,3.812478227451724e-05,8.697215956374246e-05,3.812478227451746e-06,ADENYLYLSULFKIN-CPLX
3.501708248327561e-06,1.843004341225032e-07,5.529013023675096e-07,1.843004341225032e-07,3.686008682450064e-07,3.0225271196090527e-05,1.1058026047350192e-06,3.0225271196090527e-05,2.764506511837548e-06,3.686008682450064e-07,2.3959056435925415e-06,9.21502170612516e-07,3.0225271196090527e-05,3.0225271196090527e-05,CPLX-8401
0.00029920778777814676,0.00017233376727000994,0.00020746175340418462,0.00026222008473098635,0.0001671678869561609,0.00041079080255728985,0.00017212713205745598,0.0003252438245599468,0.00029073574406343405,0.00016964750950680836,0.00018431860959814013,0.00019754326320159412,0.00018762477299900362,0.00016572144046828294,6PFK-1-CPX
2.9588890407790473e-06,2.9588890407790473e-06,2.9588890407790473e-06,2.9588890407790473e-06,2.9588890407790473e-06,2.9588890407790473e-06,2.9588890407790473e-06,2.9588890407790473e-06,2.9588890407790473e-06,2.9588890407790473e-06,2.9588890407790473e-06,2.9588890407790473e-06,2.9588890407790473e-06,2.9588890407790473e-06,PROPKIN-MONOMER
0.0004288352861887365,0.00036120268472742794,0.00032664316859609997,0.0004429563788015372,0.0004849480489396024,0.0005730190739194382,0.0002898540062627508,0.0004537330021113061,0.0003879584391516819,0.00022036336629975803,0.00029134043706409825,0.0003615742924277648,0.0004005931009631352,0.00015458880334013377,ASNSYNB-CPLX
5.346912778146795e-06,7.129217037528946e-07,2.851686815011624e-06,1.782304259382995e-06,7.12921703752906e-07,4.384468478080372e-05,4.6339910743938886e-06,4.384468478080372e-05,1.069382555629359e-06,1.0693825556293593e-06,1.425843407505812e-06,3.56460851876453e-07,4.384468478080372e-05,4.384468478080372e-05,FUMARASE-B
0.0009275129136973952,0.00038691704391042366,0.0007255544566826398,0.0008078338280590216,0.0008785532877544241,0.0009567526903022252,0.0007428943242041087,0.0008506735007591213,0.000767714134577976,0.00028287783878161026,0.00034339737640556053,0.0004338366854391042,0.0007986538981947144,0.00022949824660767663,AICARTRANSIMPCYCLO-CPLX
0.0016789601449625183,0.0010648132369051573,0.0011691780709541207,0.0016399145601959481,0.0009385536824263417,0.001690272417184609,0.0011494728225672534,0.0020402230320550837,0.0013768130030305547,0.0008914800335021588,0.0009768694431785835,0.0011126167098436685,0.001176841223104569,0.0004561400089552593,CPLX0-7877
5.8495249918090076e-05,0.00016664901486608842,0.0002539299500685267,0.0001972396866571224,0.0002828182886139187,0.0001247066032913013,0.00024704362714017596,4.941899075413958e-05,0.00019181617269864483,0.00028848988128658517,0.00027860095047270504,0.0002447938098356341,3.723747044361598e-05,3.903321815680778e-05,ABC-28-CPLX
3.470121678844237e-06,9.847642602125538e-07,1.5005931584191297e-06,2.110209129026901e-06,1.1723384050149451e-06,1.5005931584191297e-06,1.4536996222185318e-06,2.2039962014281075e-06,1.5943802308203254e-06,7.502965792095489e-07,8.909771878113582e-07,1.3599125498173362e-06,2.0164220566257056e-06,2.302472627449352e-06,G6903-MONOMER
0.00042138235019215244,0.000294371349355933,0.00033332934022275453,0.0003764614015395928,0.0003879897865920197,0.00031385034478934374,0.0002422948513604877,0.00032657132139891817,0.0002890046873487687,0.00021804548969848645,0.00024726398284860264,0.00027369976236537447,0.00032219848568937695,0.00014390604789581057,CPLX0-252
0.009659165345521048,0.004417101587970955,0.007496029933644715,0.00658530835936614,0.023531116926293987,0.012914319493003758,0.008208847614906818,0.014784720968273466,0.0088039992447419,0.006566843005069691,0.006347635898544154,0.007708382383936311,0.008740538056040891,0.0024098364692303237,PYRUVATEDEH-CPLX
5.102054372063913e-07,5.102054372064309e-07,5.102054372064333e-07,5.102054372063913e-07,5.102054372064441e-07,5.102054372064309e-07,5.102054372063913e-07,5.102054372064441e-07,5.102054372064333e-07,5.102054372064342e-07,5.102054372063913e-07,5.102054372064309e-07,1.391469374199364e-06,5.102054372064441e-07,GKI-MONOMER
0.0015062200643622193,0.00043914818967061265,0.0006830853557402616,0.0010747332178470603,0.0009680873211231434,0.00197877171019061,0.0008096507446683585,0.0012445085821719166,0.0019576264030815574,0.000866651137744935,0.0011295884348401096,0.0013768965918981586,0.0015154136761487632,0.00027458253869146453,PYRNUTRANSHYDROGEN-CPLX
0.0027724543230594947,0.009500462530347057,0.006114721135443846,0.005149838653520423,0.00799573547520401,0.004974251990143282,0.007018612576843238,0.004899754283205625,0.006533427794266258,0.0038795788856514192,0.004385023667848838,0.0054761090640745805,0.00291933932030768,0.00081377665142098,SUCCCOASYN
0.014967703262640155,0.013629552790561586,0.013892464653413669,0.014057193662918502,0.012594678243266749,0.01540325330929449,0.015098750098843915,0.014055966377251662,0.011287550825544428,0.005994472292071924,0.00665195649681327,0.008847706919865252,0.013374891014692159,0.0008113040083187042,ACSERLYA-CPLX
5.455472790245291e-06,1.4687811358352708e-05,5.455472790245291e-06,5.455472790245291e-06,6.084950419888978e-06,2.937562271670541e-06,1.888432888931062e-06,2.7277363951226454e-06,5.875124543341082e-06,5.245646913697395e-06,7.343905679176354e-06,5.455472790245291e-06,1.0491293827394791e-06,2.9375622716705416e-05,CPLX0-8015
0.0016629455051596527,0.0011396080322507948,0.0015682993664420932,0.0014526683372396451,0.0015738667863666555,0.0015712972079399345,0.001593566887638184,0.0016894978155691039,0.0014509552849551644,0.0006458207112492291,0.0008398238824666699,0.0012089866497722638,0.0015558797373796081,0.0004916460056459648,TRANSKETOI-CPLX
0.005602437852872799,0.004893997841248754,0.008143677723347724,0.008540702715044837,0.0063978874543341065,0.0063083118980405166,0.006681543382597143,0.005401359390567917,0.010438818083693123,0.005873030679176352,0.007887314347392892,0.01056315082198605,0.005881661657256725,0.00020947617070740614,CPLX0-7534
0.002463591088479148,0.0007081529699376097,0.0009386799919106134,0.0012710058528550077,0.0009886916308238839,0.0017504073619644634,0.0011325120835567206,0.001442347503333017,0.0012707099259975329,0.000662876160743939,0.0007034181402180102,0.000737153801970157,0.0024141713032808276,0.00016897423561820942,CPLX0-238
2.9169415974759326e-06,2.9169415974759326e-06,2.916941597475921e-06,2.9169415974759326e-06,2.9169415974759326e-06,2.9169415974759186e-06,2.9169415974759326e-06,2.9169415974758775e-06,2.9169415974759326e-06,2.9169415974758775e-06,2.9169415974759326e-06,2.9169415974759186e-06,2.916941597475921e-06,2.9169415974759186e-06,G6986-MONOMER
0.0009757579351900175,0.0006553353892869003,0.00089232186743844,0.0008847261469848649,0.0007830603501447074,0.0010760214451772075,0.0009396490487260996,0.0011234654837026141,0.0006919117047018077,0.0004811012478056649,0.000519897850737771,0.0006313796555487023,0.0012695370308867485,0.0003286025525454287,CPLX0-243
0.0001491170647862599,0.00028685571900650004,0.00032697958784456987,0.0001697778629192959,0.0001832522964843194,0.00020061934419034967,0.0002823642411514922,0.00012785740293922283,0.00040662846180670873,0.0006647387225411586,0.000506938133901884,0.0004937631321938606,0.00011318524194619722,0.00018654604691132514,FUMARASE-C
0.0005793104913175499,0.0004328076804217868,0.0005464158892869004,0.000695050757721687,0.0006642882132300612,0.0006633744742847653,0.0005546395397945628,0.0005677364646771362,0.0006015448056530815,0.0004848908003036485,0.000538192238779238,0.000584183765692461,0.0003968672819068178,0.0002467095152298714,PKII-CPLX
0.0001807431323243346,0.00015495018266356694,0.00016053223893343455,0.00016245708592304414,0.00014994558049057934,0.00022154988850405644,0.00022270479669782227,0.00034089040185984726,0.00015244788157707455,8.91204156189211e-05,0.00011067870190254779,0.00012492256962565838,1.8863500498173365e-05,3.8881909190112434e-05,6PFK-2-CPX
9.007111424775821e-05,2.908362788821938e-05,3.860190610618209e-05,5.3936909901788674e-05,2.8731099065331903e-05,6.380771694263889e-05,4.4418631683826077e-05,7.314973074915773e-05,3.842564169473834e-05,1.198597997817522e-05,1.6921383498600365e-05,2.485328201356913e-05,9.50065177681834e-05,2.943615671110689e-05,EG11195-MONOMER
0.00045702817965080427,0.0004043537453859657,0.00038731201665322384,0.0003552942232765573,0.0004438595710845945,0.0005437860713811257,0.00045780280368411063,0.0004929190931940029,0.0003870538086421217,0.00015828151080561747,0.00026027367519096644,0.00035787630338757957,0.0005161578141931962,8.753251576362863e-05,TYRB-DIMER
2.110768919319637e-05,2.1805464042558237e-05,2.2503238891920102e-05,2.721321912511268e-05,2.006102691915358e-05,2.8608768823836403e-05,1.7618814946387052e-05,2.8085437686815007e-05,1.7967702371067986e-05,1.2734391000854009e-05,1.4478828124258669e-05,1.5525490398301463e-05,4.081982868766902e-05,7.466190888171893e-06,AROE-MONOMER
0.0004049902164444655,0.0002748513148218437,0.00031806049826825446,0.00037456481508279165,0.000289169150756749,0.00037251940994923377,0.0003566675201641599,0.00023189780701712764,0.0005164647962233714,0.000861626912511268,0.000803077190563173,0.0006691031543151302,0.00010636106694501113,0.00010942917464534799,CHORISMUTPREPHENDEHYDRAT-CPLX
0.0004834906142240356,0.0017104553312378419,0.0014862329827774348,0.0009022535648574274,0.0011761838980642405,0.0009830737414954689,0.001579211947051288,0.0007685069008635004,0.0016850649217630591,0.0005517943918252122,0.0008357378442615171,0.0013321024689234707,0.0005028016298809127,0.00011264759133178345,FUMARASE-A
0.000828569685130711,0.0004782370699577738,0.0006562126485149689,0.0006314249634791478,0.0006619964416899937,0.0005937476822246998,0.0005653244700502917,0.0005154185975115054,0.00063390373198273,0.00040255200498173354,0.000418416123404659,0.0005061645284314655,0.0009913421501992693,0.00032521442766997197,CPLX0-8006
0.0005762389347985956,0.0002185076244484509,0.0003708090734094036,0.00041194953636665557,0.0005669755192982873,0.0005135746534729801,0.0003637252850856384,0.0004645330420007591,0.0003165908473928927,0.00010407719767993548,0.00014331048685771225,0.00019453172550647625,0.0005541702096360962,0.00011769986753333018,GLYCRIBONUCSYN-MONOMER
0.001691454243399203,0.002189319486318024,0.0016794368065011628,0.0017408115735161548,0.0012365084179733828,0.0017330860783674143,0.0019524043017566538,0.001701325709422593,0.0013350084811198225,0.0022206506610879155,0.0018302985589890635,0.0018652778842458602,0.002288034146551928,0.00033026491760864915,3-ISOPROPYLMALISOM-CPLX
0.0001360736822128386,0.0004021053755278265,0.0005562202875171988,0.0003118992266451582,0.00034400649997627745,0.00021588319020733498,0.0006109555439578687,0.0002357591213170755,0.0006262447217345922,0.00035501470797551834,0.0003779484746406035,0.00047518764530056457,0.00011191678132561558,9.937965554870237e-05,UDHA-CPLX
0.0015703355006998162,0.007274374559353797,0.004137278189187265,0.0029698036284575603,0.001680076679555914,0.0017308364430659016,0.003220027814774398,0.001808048477700811,0.004101531876856288,0.005702251743037434,0.006034692447715519,0.005554619473110499,0.0009798064209920767,0.0007049172791668642,MALATE-SYNTHASE
0.00029697010959814016,0.00016621027660482988,0.0002105717606870048,0.00018829415951036673,0.00018868159605256912,0.0002287812781705176,0.00022529434929069602,0.0002657814679508469,0.0002260692223751008,9.492195283958816e-05,0.00010344555676804097,0.00015032537837453148,0.0002713992978127817,2.6151966598662043e-05,ACSERLYB-CPLX
0.000197893539498031,0.0002293766025999905,0.00021888224823267066,0.00018027801609574415,0.00017990321772548275,0.00019189676557384826,0.0001945203541656782,0.00016678527476633297,0.00020014232971959955,8.957681049247994e-05,0.00010869152737581249,0.00013830059862646486,0.00018365120142809695,0.00012293386544574654,MALIC-NAD-CPLX
7.723276960668027e-05,4.5885351354557094e-05,4.7475437787635796e-05,4.066078164587006e-05,6.485281094913857e-05,4.9292679425439996e-05,4.747543778763583e-05,3.498190152773165e-05,5.065561065379345e-05,2.101185643711154e-05,3.2028883866299756e-05,4.645323936637101e-05,0.00010324204054775345,7.927716644921005e-06,AROL-MONOMER
0.0017249358221417298,0.0009137667928013946,0.0013502005498069573,0.0015031358871637325,0.0013456561854969277,0.0016184928273414144,0.0014031598723430751,0.0013479283676519425,0.0012921725132327296,0.0008518935248879107,0.0008990850004151443,0.0010661777804300894,0.001677219996886416,0.00039990405928263026,ACETYL-COA-CARBOXYLMULTI-CPLX
0.010190750023722541,0.022971474812591926,0.013300445752479007,0.012653000005930637,0.024758087542107513,0.014529748843526119,0.013724660797314608,0.013550717286615744,0.013704332228258292,0.008112249727190778,0.009404456314940458,0.011592270614888267,0.00863849117521469,0.0012651657553257106,MALATE-DEHASE
0.0010707112017839348,0.00037935413009441597,0.0002501204393414622,0.0005272964843194001,0.0006194006737201688,0.0009394627318878396,0.0003177594534326517,0.0007975647150922806,0.000453900958390663,0.0001286580395691987,0.00017010492479954502,0.00025213521848460406,0.0008582959149784124,5.295990890544195e-05,ASPKINIII-CPLX
0.00013461129916496654,0.001134649142252218,0.0004725715821748826,0.00036612363992740896,0.0001379527143924657,0.00021146384939744743,0.0004296105292498932,0.00020812243416994827,0.00039858310213740096,0.0006515759693623381,0.0008310577015822934,0.0007422715255373155,8.974086610997769e-05,0.00018998332293495277,MALSYNG-MONOMER
2.5155473976333327e-07,2.515547397636919e-07,2.515547397636919e-07,2.515547397640505e-07,2.5155473976372343e-07,2.515547397636919e-07,2.5155473976372343e-07,2.515547397636919e-07,2.515547397636919e-07,2.515547397637255e-07,2.5155473976372343e-07,2.5155473976372343e-07,2.515547397636919e-07,2.515547397637255e-07,CPLX-154
0.00047775480381458357,0.0003274783650424633,0.00023979793139441112,0.000455662096123738,0.0009769119182046779,0.0007771570194999283,0.00029664062722398817,7.525328557195006e-05,0.0002832929496607676,8.146685961000181e-05,0.00010563075864686712,0.0001560297480666129,0.0002653426246619535,3.889237083076345e-05,AROF-CPLX
0.000556036058262561,0.00026075118612705787,0.00044871935047682317,0.0005016127176543143,0.0006089294254400531,0.0005193166959244674,0.0003993230654267684,0.000468171869810694,0.0004572434881624519,0.0001551830194050386,0.00021550768610333537,0.0002673082151160032,0.00043735383356265117,0.0001280806329173981,AIRS-CPLX
0.0,0.0,0.0,0.0,0.0,0.0,0.0,0.0,0.0,0.0,0.0,0.0,0.0,0.0,RIBULOKIN-MONOMER
0.0005387051940503867,0.00020091569008872227,0.0002287927420885325,0.0003460772761778241,0.0003337711901598899,0.0004603480749157849,0.00023230876666508515,0.0003855069803577359,0.00032824600868245,0.00024059653888124495,0.00021347292071926743,0.00019463707477344972,0.0004970151883569767,3.189536580158466e-05,ACETYLORNDEACET-CPLX
0.0010949457893819363,0.0010515550419102117,0.0017142500942056412,0.0019282453715093737,0.001474121753083711,0.0017053747140409704,0.0015273740340717365,0.0011060400145877752,0.001962267662140612,0.001490886360061423,0.0017467931548094345,0.0018794307806036835,0.0010960897272698272,0.0004480390522461049,NADH-DHI-CPLX
3.343413641054229e-06,3.343413641054229e-06,3.343413641054229e-06,3.343413641054229e-06,3.343413641054229e-06,3.343413641054229e-06,3.343413641054229e-06,3.343413641054229e-06,3.343413641054229e-06,3.343413641054229e-06,3.343413641054229e-06,3.343413641054229e-06,3.343413641054229e-06,3.343413641054229e-06,G7285-MONOMER
0.0,1.9224689062721694e-05,0.0,0.0,3.3727524671470186e-07,0.0,0.0,0.0,0.0,0.0,0.0,0.0,1.652648708900955e-05,2.833112072401198e-05,ANTHRANSYNCOMPII-MONOMER
0.0027539088462126956,0.0096858086542321,0.005179490022103476,0.0050120514530234365,0.010580522912819659,0.005714268309063196,0.005525188020170089,0.004745231828486026,0.009016623896854387,0.007138919943599656,0.007554384012116285,0.007595958894915071,0.002227103824447264,0.00044337049669663603,CITRATE-SI-SYNTHASE
0.000590884760633629,0.0002182574853038857,0.000430095632804716,0.0004573013977795701,0.00046127527356241386,0.0007580932262655973,0.0005994438777043695,0.0006474360698510224,0.000559093754370878,0.00020480744419272188,0.00025279963633937464,0.00033380556575888403,0.0005508403200526639,0.00021978589906651794,CPLX0-7959
0.00040766438812449583,0.0002064750750225364,0.00027849358119039707,0.0003868517005622242,0.0003296993997959861,0.0005018170223347725,0.0002877436645514067,0.0005857284928239313,0.00032936903967595006,0.0003039313104331736,0.0002854311437111543,0.0002695738579494235,0.0004466468822887507,0.0001978857119015989,GLU6PDEHYDROG-MONOMER
0.004654708112794752,0.002635555214546662,0.003213650042261707,0.0036273709189637987,0.0032370988686067745,0.005691099803927266,0.0029051006342162068,0.004040859629068415,0.0031611803912321482,0.0016407213443623378,0.001924428926477914,0.0021779548509216202,0.004161121926560942,0.0006461196407754898,FRUCBISALD-CLASSII
0.0003087686798524457,0.00011730223356027896,0.00019677574116335337,0.00026081911054704176,0.00020689658451155285,0.0002541824919580585,0.00015728786055890304,0.00017421123796081033,0.00014086222955116948,5.740675079470512e-05,7.233914261991744e-05,0.00010104251801727,0.00027442417865445744,2.6878305285382168e-05,PAPSSULFOTRANS-CPLX
0.00026729692739123215,0.0003054822027328367,0.0006168846031930539,0.0004946325201226454,0.0003569879229610479,0.0003531397944382502,0.00044963901739455324,0.0001426767652298714,0.0008818134514933342,0.0007080556481947146,0.0009401273991080325,0.00171419325196304,8.90989757970774e-05,3.256108750059309e-05,CPLX0-7655
0.0005620663282250794,0.00017414214546662232,0.00021050149452009296,0.00031465872752289224,0.00027829937846942163,0.00044943435972861405,0.0002490478720880581,0.0004464271955211847,0.00021842947288513545,0.0001011500687953694,0.00012165346111875476,0.00015090496750011856,0.0005377356360013284,4.620097736869573e-05,AROA-MONOMER
0.00025682419224747353,5.884148597997817e-05,9.689951131565211e-05,0.00017584967025667807,0.00011984229254637766,0.000204460668026759,0.000135767281871234,0.0001919096171181861,9.676455377900079e-05,5.411797219718201e-05,7.665588081795329e-05,7.854528633107163e-05,0.00019825262134079798,2.7801252550173168e-05,HISTCYCLOPRATPPHOS
0.0006674143804621149,0.0002061483931062295,0.000332273945319543,0.0005436775697679934,0.00035233937408075147,0.0004595938682924514,0.00034636752028277263,0.00038124314646296905,0.0003841096362859986,0.00023099130490582148,0.00031674712544479754,0.0003162693771409593,0.0005859582946576837,6.592926592968624e-05,IMIDHISTID-CPLX
0.025903664173838773,0.008744194018669637,0.009902185829790765,0.014466360839018835,0.009361856606561653,0.019508094483275604,0.009634029876998624,0.016465980696731032,0.01366289731005361,0.0021306848458746497,0.004165456232979076,0.006662721313944109,0.019051626765882238,0.0010068402347345447,HOMOCYSMET-MONOMER
6.0941549971532945e-06,4.687811536271765e-06,5.469113458983726e-06,7.031717304407577e-06,5.312853074441334e-06,6.4066757662380785e-06,5.625373843526109e-06,5.625373843526118e-06,4.062769998102196e-06,4.37529076718698e-06,4.219030382644589e-06,3.5939888444750195e-06,3.906509613559804e-06,4.328412651824234e-07,CPLX0-8571
0.0,0.0,0.0,0.0,0.0,0.0,0.0,0.0,0.0,0.0,0.0,0.0,0.0,0.0,EG11404-MONOMER
0.00020621589192010246,0.00040609676173672724,0.00036349919931679076,0.00023701720628528728,0.0005306127134257722,0.00019638568520780945,0.00039779569829079085,0.00029228481291217916,0.00021386160825188593,0.00013281701513498124,0.00017541457755491767,0.00019966242077857377,0.0002673816225743701,6.990369217630592e-05,F16B-CPLX
1.2639014091189426e-05,2.355452626085306e-05,3.064003416045926e-05,3.447003843051667e-05,3.351253736300232e-05,2.412902690136173e-05,3.140603501447075e-05,1.2639014091189274e-05,3.7725542060065476e-05,2.661852967689899e-05,3.217203586848223e-05,3.427853821701413e-05,1.8384020496275564e-05,1.124106253261849e-05,CPLX0-7647
0.00019882160324050227,0.00010105395536604357,0.0001703402716468233,0.0001949875778336601,0.00014925313190918986,0.0002629045993262798,0.0001982738853252374,0.00021087139737628873,0.00020156019281681459,5.3128637780518424e-05,8.927802018788252e-05,0.00014131122213787743,0.00024674692082601884,8.599171269630428e-06,DIAMINOPIMDECARB-CPLX
3.226265202020277e-08,3.2262652019938425e-08,3.226265202020277e-08,3.2262652019938425e-08,3.226265202000451e-08,3.2262652019971466e-08,3.2262652019938425e-08,3.226265202000451e-08,3.2262652019938425e-08,3.2262652019938425e-08,3.2262652019938425e-08,3.2262652019938425e-08,3.2262652019971466e-08,3.2262652019971466e-08,YHAU-MONOMER
0.0037184231670541338,0.0016957644113488632,0.0017768495319216444,0.0028928872544509406,0.002071182134945675,0.004383704235060728,0.0018815578765983057,0.003079319185216705,0.0023936072206878355,0.00148634772199554,0.0019230581351591775,0.0020718206004619955,0.0034655908225909747,0.00046799522346337223,GLUTAMATESYN-CPLX
0.0007389858495041988,0.0005639960146130852,0.0006540787113915641,0.000514058867485885,0.0007201020543720642,0.0006234449992883237,0.0008222144280495326,0.0006494626725814869,0.000441601046164065,0.00031682811832803526,0.0003580927076908478,0.00043474692793091994,0.0008099049912226597,0.0003027002419699198,ADENYL-KIN-MONOMER
1.0732463111448495e-05,6.888289960620581e-05,6.049206480998243e-06,4.292985244579399e-06,3.3173067799022626e-06,1.151300588319021e-05,1.0732463111448495e-05,1.678166959244674e-05,7.6102920244816616e-06,7.2200206386108065e-06,3.902713858708544e-06,5.463799402191962e-06,1.2235007947051251e-05,1.2235007947051287e-05,CPLX0-7694
0.00018081667220192722,9.594354035204407e-05,6.747677563220898e-05,0.00011281273426009393,9.014475494614982e-05,0.00020559330075437676,9.330772880392279e-05,0.0001396980120510509,0.00017185491293827395,8.540029415951228e-05,9.488921573278928e-05,9.014475494614983e-05,0.00011597570811785594,3.521444228305728e-05,ASPKINIIHOMOSERDEHYDROGII-CPLX
0.0013108783270863974,0.000787359503249988,0.0010755350026094795,0.001129647957489206,0.0013888458094131041,0.0011682314549034492,0.0010332692627034207,0.0014527247117711245,0.0011049929425440053,0.00045275572899368974,0.0005779519737154242,0.0007691083882905536,0.001445040031788205,0.00022909952199079564,SAICARSYN-CPLX
1.9762520247188924e-05,1.594870055036297e-05,1.4561857024244432e-05,1.6295411431894443e-05,1.4908567905773904e-05,1.3521724379655546e-05,9.361193801300014e-06,3.88316187313188e-05,1.7335544076481472e-05,1.1094748208948119e-05,1.1094748208948173e-05,1.4215146142714865e-05,6.587506749062956e-06,7.641507828913033e-05,RIBONUCLEOSIDE-DIP-REDUCTII-CPLX
0.005487881135147317,0.0015338855562283531,0.001994082005468046,0.0031555008703385208,0.002211713369757318,0.004078972005936566,0.0019768438776035487,0.003284479005610381,0.003531353622526925,0.002154150335638373,0.0021519955696553115,0.002456125396978934,0.005252088171857949,0.0004349549048666793,GLUTAMINESYN-OLIGOMER
0.0003838643189258433,0.00011628958699055841,0.0001262883178346065,0.00018041188262086635,0.00022388462542107508,0.00026735736822128384,0.00012759250011861275,0.00020040934430896233,0.00022844926341509712,4.0429650804194093e-05,7.542520875836219e-05,0.00012585359040660508,0.0003099606561654884,9.62921253024624e-05,ASNSYNA-CPLX
9.163783389476679e-05,7.795058001613133e-05,9.197166935522133e-05,7.511297860226787e-05,6.71009275513593e-05,6.125880699340514e-05,6.71009275513593e-05,9.080324524363049e-05,0.00011867850619158324,0.00013036274730749157,0.00011901234165203777,0.00011817775300090146,7.327688356976799e-05,4.8239224035678704e-05,PYRROLINECARBREDUCT-CPLX
0.003091832678230838,0.006065265394792639,0.004128870995705706,0.003466796986652312,0.006061988257944606,0.004007373086745719,0.004485351070022673,0.0044070951110845085,0.003991028043436034,0.0024419749634142134,0.002636251542273801,0.0032629568579267396,0.002783465923647229,0.0008446515418822137,2OXOGLUTARATEDEH-CPLX
0.0010752479312520758,0.0016979449132348058,0.0010447810107937561,0.001179304182663567,0.0006995673659083361,0.0011776636561773497,0.001031891159830621,0.0016206058074559944,0.0012784388546164065,0.0016184965591165726,0.0014750676720358684,0.0014495223310362006,0.0008392464781634008,0.00019803498297907672,3-ISOPROPYLMALDEHYDROG-CPLX
3.336843478673436e-07,3.33684347867344e-07,3.3368434786742913e-07,3.3368434786742913e-07,3.336843478673436e-07,3.336843478673319e-07,3.336843478673319e-07,3.336843478676237e-07,3.33684347867344e-07,3.336843478673436e-07,3.3368434786742913e-07,3.336843478672346e-07,3.336843478673319e-07,3.33684347867344e-07,CPLX0-7912
0.0001607967511979883,0.0008694605494140532,0.00115764752455283,0.0009442911704701805,0.0009438457501067514,0.0005492033081083644,0.0010975157754898703,0.00020756588935806798,0.001963412961996489,0.002454266202495611,0.0026248622016890447,0.0025936827762489912,3.6969890164634425e-05,0.0001095734094036153,EG10167-MONOMER
0.0021343897407837924,0.0007925383320444066,0.0008530508955733737,0.0012836888476775632,0.0009024009473834118,0.003011528161645402,0.0008689134122265975,0.0021003147050102002,0.0025192026447786683,0.0009828885318830952,0.001250788813137544,0.0016867142707928072,0.0011996762594771583,0.0004682379915784978,PEPCARBOX-CPLX
9.398107377314927e-05,6.0431289122424134e-05,6.876663934620673e-05,0.00010502541281966126,6.168159165599149e-05,0.00020525799926064738,6.439058047872086e-05,9.710683010706771e-05,0.0006741214493484205,0.00021963647839667256,0.00034049905664152065,0.0004609448673751796,6.522411550109912e-05,0.00015274529285081684,CPLX-165
0.0026782131802913127,0.0013403100110309814,0.001448918745931584,0.002139381478886938,0.0010247128838544383,0.003557612992242729,0.0014892333455899796,0.0030587950352754184,0.002139381478886938,0.0015809941880960288,0.0013517425094415714,0.001547298403306922,0.002387587036485268,0.0005821548532760829,PKI-COMPLEX
0.00022924027191962806,0.0007351329828723254,0.0006549722054846515,0.0005542824485220857,0.000614403031562841,0.0006085376088271577,0.0007111825067016179,0.00047363288590643836,0.0013827734099373726,0.001365665926958296,0.0013979257520045547,0.0014810192407600704,0.0001353935081486929,0.0003069571231674337,MALIC-NADP-CPLX
0.0009212345734924325,0.0014418289543815532,0.0009912361677895335,0.0011489096617402854,0.0007112297906011291,0.0012946896809318215,0.0011784734418560517,0.0017860600952697252,0.0012573101888314275,0.0017099418568107417,0.0012882332232053897,0.0013004665115291549,0.0004468548373819805,0.0003411728188072306,2-ISOPROPYLMALATESYN-MONOMER
2.69944738340371e-05,1.6196684300422315e-05,2.672452909569673e-05,2.9693921217440813e-05,1.889613168382597e-05,1.7006518515443374e-05,2.0245855375527824e-05,1.4577015870380035e-05,2.1325634328889308e-05,2.294530275893149e-05,2.7804308049058105e-05,3.0233810694121554e-05,2.726441857237747e-05,2.3917103816956877e-05,CPLX0-7888
0.00030580083740570284,0.0002806346550742515,0.0002704835899321535,0.00028845943445461874,0.00017954696470085874,0.00020894275750818426,0.00023453190088722298,0.00025208478436210084,0.00020429018598472267,0.00039737190420837873,0.00032060447407126244,0.00022480379679271239,6.0483429805000696e-05,0.00021380680955543956,TRANSALDOLA-MONOMER
8.124258670588793e-06,1.2363002324809102e-05,1.1833159368031462e-05,0.00022765585709541203,1.4482374151919151e-05,1.3599302557289936e-05,9.007330265217776e-06,2.2076789865730415e-05,1.607190302225174e-05,2.0663875314323666e-05,2.190017554680457e-05,2.190017554680457e-05,7.0645727570337325e-06,1.0879442045831948e-05,CPLX0-7654
1.8111602694880673e-05,1.2482320776201545e-05,1.1503315225126914e-05,1.4685083266119462e-05,1.3216574939507517e-05,2.325138183802254e-05,1.688784575603738e-05,2.0803867960335905e-05,1.958011102149262e-05,9.545304122977652e-06,1.2482320776201545e-05,1.688784575603738e-05,2.5454144327940397e-05,6.877513996299281e-06,CPLX0-3161
0.00023111273544622096,0.0002550097381031456,0.0003206316660340655,0.0003343412843383783,0.00028849805475162493,0.00030117809697774824,0.0002475859526972529,0.00035227758338473214,0.00034555824476917963,0.0003184641374484034,0.0003239913353418418,0.00033705069507045587,0.00022997478293874837,4.3513136357166574e-05,GRXC-MONOMER
5.505527352084948e-09,5.505527352084948e-09,5.505527352084948e-09,5.5055273522101295e-09,5.505527352084948e-09,5.505527352084948e-09,5.5055273522101295e-09,5.5055273522101295e-09,5.505527352084948e-09,5.505527352084948e-09,5.505527352084948e-09,5.505527352084948e-09,5.5055273522101295e-09,5.505527352084948e-09,GNTU-MONOMER
9.715528972339516e-05,4.580594740712638e-05,5.543394909142693e-05,7.381467957963669e-05,7.177237619205765e-05,9.336244057503445e-05,5.660097959861461e-05,7.935807448877949e-05,0.0001064915337808986,5.164109994306589e-05,4.930703892869031e-05,6.010207112017839e-05,7.293940669924561e-05,1.9139300317882024e-05,N-ACETYLTRANSFER-CPLX
0.0001235918516504959,0.00015329221910139008,0.00014498889056673147,0.00018682489202982022,0.00013381133292392179,0.00024367075661325122,0.00015584708941974656,0.00023185448139085064,0.0002826325289681879,0.0003963242581350523,0.0003311750650169616,0.0002887003459742847,6.738470464665284e-05,0.0004186793734206717,CYT-D-UBIOX-CPLX
0.0003053281242586706,0.00010663785168667266,0.00019955960288466087,0.00022167922972908866,0.00022766794966076761,0.00024959439199127,0.00023549192247473543,0.00025867406414575123,0.00018526394885420126,7.495559140295107e-05,9.736499501826633e-05,0.0001359053055463301,0.0002757708936281254,2.7432200977368697e-05,DUTP-PYROP-CPLX
1.977307119727686e-08,1.9773071197250872e-08,1.9773071197250872e-08,1.9773071197250872e-08,1.977307119735482e-08,1.9773071197250872e-08,1.977307119727686e-08,1.9773071197250872e-08,1.977307119727686e-08,1.977307119727686e-08,1.977307119727686e-08,1.977307119727686e-08,1.9773071197250872e-08,1.977307119727686e-08,EG11162-MONOMER
0.00048818285334725054,0.0009551207121506856,0.000962353050718793,0.0007618816660340656,0.0007424447561322769,0.0005614102813493382,0.000852059887555155,0.0006280834025240784,0.0008129600571713243,0.001033320372918347,0.0009535386380889121,0.0008366911680979266,0.00015843341675760307,0.00022171637922854297,FRUCBISALD-CLASSI
0.01069028120315984,0.005003633928073254,0.006398520340987806,0.009320085883071594,0.0045146220246951654,0.011476548211083171,0.007944118619205768,0.009409871675167244,0.00861206077968876,0.0021798707666650847,0.0037142458208710917,0.005720637610665654,0.011136644855292498,0.0006756380855197609,CPLX0-7643
8.156224794800019e-06,7.983910186459171e-06,5.9161348863690265e-06,1.6082696778478907e-06,4.767370830763391e-06,7.409528158656354e-06,5.39919106134649e-06,8.328539403140864e-06,4.480179816861982e-06,2.9867865445746545e-06,3.2739775584760635e-06,4.709932627983109e-06,8.55829221426199e-06,6.6053933197324085e-06,RED-GLUTAREDOXIN
0.00015319533203254836,0.00010056040782606633,0.00010194553741044739,0.00010305364107795226,9.114152665227497e-05,0.00010000635599231396,7.59051012240828e-05,0.00010526984841296198,0.00010249958924420003,4.43241467001945e-05,6.953350513593003e-05,9.640501907292309e-05,0.00010665497799734312,1.1662791100488658e-05,VALINE-PYRUVATE-AMINOTRANSFER-MONOMER
1.1601983204440858e-06,8.701487403330644e-07,5.800991602220429e-07,5.800991602220429e-07,5.800991602220429e-07,2.900495801110225e-07,2.9004958011102145e-07,2.9004958011102145e-07,5.800991602220429e-07,2.9004958011107095e-07,2.900495801110215e-07,2.9004958011102145e-07,5.510942022109408e-06,1.7257950016605776e-05,LSERINEDEAM1-MONOMER
0.0004739082174111598,0.0002902507775329749,0.0003123376853353183,0.00041244899570028925,0.00043141492740013176,0.0005699382513343935,0.00040956809468259235,0.0005452105175991602,0.0003673148797563712,0.00023983500972327843,0.00028448897549758137,0.0003044152075366541,0.00046382506384921976,0.00014116414986715405,ACETOLACTSYNIII-CPLX
0.00014779375622716705,0.00013264368743179768,0.00014199160222042986,0.00013876818332779806,0.00013490008065663992,0.00011765478958105991,0.00010959624234948048,0.00011120795179579635,9.863661811453241e-05,0.00015601347440337808,0.00011620425107937562,0.00010202120795179579,8.30030364852683e-05,5.8343881956635186e-05,EG10043-MONOMER
1.2859681169060557e-08,1.2859681169060557e-08,1.2859681169060557e-08,1.2859681169060557e-08,1.2859681168996994e-08,1.2859681169046653e-08,1.2859681169060557e-08,1.2859681168996994e-08,1.2859681169046653e-08,1.2859681168615608e-08,1.2859681169060557e-08,1.2859681169124122e-08,1.2859681169124122e-08,1.2859681169044666e-08,GNTP-MONOMER
3.4601984675238404e-05,3.125340551311856e-05,4.0461998208950175e-05,2.5951488506428803e-05,3.795056383735851e-05,3.6276274256298325e-05,3.739246731033828e-05,6.725063150590664e-05,9.180687869478605e-05,0.00011608407762015466,0.00011636312588366465,9.96202300730654e-05,1.255717185794939e-05,1.9812426709209087e-05,KGTP-MONOMER
1.8685061322768891e-06,7.474024529107558e-07,1.9930732077620153e-06,1.4948049058215116e-06,2.2422073587322673e-06,1.8934195473744583e-08,1.4948049058215116e-06,1.8934195473744583e-08,9.965366038810077e-07,8.719695283958817e-07,2.1176402832471413e-06,5.480951321345542e-06,1.8934195473744583e-08,1.8934195473744583e-08,GLUCONOKINI-MONOMER
0.0010172396500806565,0.00040206793007780995,0.00046098944081225977,0.0005933681653698344,0.0006442431261801964,0.0007600096186364283,0.0005251022740783793,0.0005411953739265549,0.0007164025093704038,0.0006907054628386393,0.000686811970939887,0.000598040355648337,0.0008114037116999573,8.539725564596479e-05,ACETYLORNTRANSAM-CPLX
0.0006004752561441381,0.0013528842342660243,0.0015763771836599133,0.0009598270286034538,0.0021695928080371968,0.00031475689160577876,0.0018185377575971435,0.0006461072272500829,0.0009603455737296578,0.000945826310195948,0.0009696793860013284,0.001087907674775822,0.00043402227063268017,0.0002971263573148455,PEPSYNTH-CPLX
5.652184252977174e-06,5.652184252977179e-06,5.6521842529771905e-06,5.652184252977129e-06,5.652184252977129e-06,5.6521842529771905e-06,5.652184252977129e-06,5.6521842529771905e-06,5.6521842529771905e-06,5.6521842529771905e-06,5.6521842529771905e-06,5.652184252977377e-06,5.6521842529771905e-06,5.652184252977174e-06,YJGT-MONOMER
1.0580313196849645e-06,3.5267710656165483e-07,1.4107084262466994e-06,1.4107084262466193e-06,3.5267710656165483e-07,3.526771065616546e-07,7.053542131233097e-07,3.5267710656165483e-07,3.1740939590548933e-06,4.232125278739858e-06,2.116062639369929e-06,1.7633855328082333e-06,1.2061557044415265e-06,1.206155704440855e-06,EG11919-MONOMER
0.0005256267505100346,0.0002761160639441097,0.000208579336753333,0.00029896940092280684,0.00028208521912511265,0.0003891889178013949,0.00019016022933766665,0.00034706373695260234,0.00025019287572946816,0.00014530629183470223,0.00016662470319542627,0.00018555545248375005,0.0005302315273639512,4.451284292119389e-05,DIHYDROPICRED-CPLX
0.0007861293115718553,0.0003743228400626275,0.0006148855980452626,0.0006641791407695592,0.0021250138183802245,0.0012272038240736347,0.0008790681785832898,0.0012849696944536699,0.000515014826588224,0.0005114205057645775,0.0005206630450253831,0.0005183524102101817,0.0010505686293115718,0.00023799538596574451,ACETATEKINA-MONOMER
0.0003880237913602504,0.0006296235105090856,0.0006655835400080656,0.0007211385556412203,0.00038220989437538544,0.0005357398406794135,0.0005286339665868008,0.0006490031671253024,0.0007026202170968353,0.0007052041713123308,0.0007515000176732931,0.0006563243707358731,0.00016709570593537976,0.00015460659389381786,6PGLUCONOLACT-MONOMER
0.009136964016937893,0.008155696957678987,0.008028968053731555,0.006673213012786449,0.009618642399179199,0.0064311526652037765,0.0076311424152156375,0.008744023004270057,0.008285410910755799,0.004144876400199269,0.006024643247402381,0.00744444116057788,0.01022569284485458,0.0011172224786971578,ISOCITHASE-CPLX
0.00040571785002609475,0.002510357089481425,0.0029532156319684966,0.0018718909000332113,0.003045890502680647,0.0008567119727665227,0.0029595826078189493,0.0010073970678939129,0.0019642120498647815,0.0019468797267163259,0.0022372845696731034,0.002787320538976135,0.0005100655097974094,0.0004311857534279072,PEPCARBOXYKIN-MONOMER
0.0004659870593241448,0.00019587779641315174,0.00026389092016771836,0.0002759389592328125,0.0003863145429259381,0.00047220540206742006,0.00027943677702590503,0.0005736421180670873,0.00032685164044337424,0.0001076550587429425,0.00014885157941713716,0.00019820967494187976,0.0003505590721521089,2.5961580953171686e-05,DIHYDROXYACIDDEHYDRAT-CPLX
0.0034668788709908897,0.0012467435719208141,0.0018425025022299184,0.0017141567150685579,0.0013575035180528536,0.0023450873274363047,0.0020606286356988656,0.0027066769008812917,0.0021605902583918487,0.0007710002935486548,0.0008623232574903922,0.00124057310138421,0.003346246172000284,0.0004223687082305356,IMP-DEHYDROG-CPLX
0.00016646428832376524,0.0001079288951345068,0.0001083382335484177,0.00015090942859515108,0.0001092933565142098,0.0001301696156236656,7.518182202163495e-05,0.0001286687081059923,0.00013221630769322007,8.173123664420932e-05,0.00010519997237510081,0.00011188583313564548,0.00014244976804099254,8.81442051288134e-06,G7187-MONOMER
4.778704428998434e-06,6.984260319305384e-06,6.984260319305404e-06,6.2490750225364135e-06,6.9842603193053706e-06,6.2490750225364245e-06,7.90324194026666e-06,4.41111178061394e-06,9.557408857996838e-06,1.213055739668821e-05,1.2498150045072744e-05,1.2130557396688344e-05,1.8379632419233108e-07,1.3784724314418562e-05,CPLX0-7843
0.007940156275317882,0.0684119445498114,0.03921207832823101,0.021111746220548462,0.013731879253267779,0.00939160996565569,0.03425487076330834,0.007902108460134267,0.03086917888330289,0.06147737793801299,0.05662726792694049,0.05190539314482018,0.004331532381903259,0.0018987268954962753,ISOCIT-LYASE
1.1317701260853067e-05,1.1317701260853059e-05,1.1317701260853067e-05,1.1317701260853167e-05,1.1317701260853067e-05,1.1317701260853067e-05,1.1317701260853067e-05,1.1317701260853035e-05,1.1317701260853067e-05,1.1317701260853167e-05,1.1317701260853035e-05,1.1317701260853167e-05,1.1317701260853067e-05,1.1317701260853062e-05,ALKAPHOSPHA-CPLX
0.0040819878019760876,0.0015650088081913935,0.0024778607589789822,0.0031040319318332774,0.005486611847464061,0.004053487373760497,0.002826851296638516,0.004743085970192627,0.0024501985786520844,0.0008360125609906537,0.0009564408409996674,0.0014233449150021346,0.003821292708592304,0.0002484007910162736,THRESYN-MONOMER
0.0,0.0,0.0,0.0,0.0,0.0,0.0,0.0,0.0,0.0,0.0,0.0,0.0,0.0,CPLX0-237
0.0003849996441618826,0.0002753917184608815,0.0003408098875551549,0.00028838870569815436,0.00033214522939697293,0.00034658632632727615,0.000382400246714428,0.00039120931584191295,0.0002657161835175784,0.00012130521421454665,0.0001943771646818807,0.0002128617687526688,0.00013617954405275892,0.00010368707595957678,GRXB-MONOMER
0.00032746591663899033,0.00010653063766190632,0.00015670811192294916,0.0002521225091331783,0.0002030257804716041,0.00016581725340418464,0.00015192195283958817,0.00011579417137163732,0.00015269391398206575,8.738600132846229e-05,0.00012922629525074724,0.00013648272999003652,0.0002584525905014945,1.477533626702093e-05,PRIBFAICARPISOM-MONOMER
0.0007964972185320492,0.00019887694524837503,0.0003235460751055653,0.0005576469967262893,0.00033541932556815484,0.0005944540731603169,0.00039419191535797313,0.0005503251589410258,0.00039062994021919626,0.00021609315841912983,0.00029900802414954686,0.00032631650021350283,0.0005748632098970442,0.000105671929117047,CPLX0-7614
2.877385301513498e-05,1.2835395217535683e-05,1.466902310575496e-05,1.5515312900317875e-05,1.748998908763094e-05,1.0719670731128718e-05,9.873380936565925e-06,1.7489989087631064e-05,1.6502650993974475e-05,8.744994543815532e-06,1.0155477534753546e-05,9.87338093656607e-06,2.059305166769463e-05,5.627827133842589e-06,CPLX0-8260
0.00033955446695450007,0.00014356459647957488,0.00020566838259714377,0.00025486748588508795,0.0002468020591165725,0.00039681899701095986,0.0002758375954832282,0.00033955446695450007,0.0002790637661906343,0.00015163002324809028,0.00017663284623048816,0.00020566838259714377,0.0002451889737628694,5.298985386914645e-05,HOMOCYSMETB12-MONOMER
0.0019493550670873464,0.000811403977997343,0.0008505825401859847,0.0012951971735303885,0.001224108470192627,0.001796009111009631,0.0008796562243440717,0.0017210202793091997,0.0010287474949352373,0.00045826508261374957,0.0006493713723845898,0.0007732890871803387,0.0021021691874792427,0.00025953581467950845,CPLX0-3181
3.4943304312757973e-07,1.3977321725103188e-05,8.036959991934334e-06,2.4460313018930585e-06,6.988660862551595e-07,3.4943304312757973e-07,2.4460313018930585e-06,1.0482991293827391e-06,5.241495646913696e-06,4.332969734781989e-05,4.0534233002799247e-05,2.5508612148313326e-05,3.0994710925414354e-07,3.099471092541634e-07,B2975-MONOMER
6.585918792997104e-05,2.9130025430564122e-05,4.939439094747829e-05,4.8127868102671137e-05,7.979093922284955e-05,7.630800139962909e-05,5.952657370593538e-05,6.174298868434787e-05,5.8260050861128244e-05,3.387948609859088e-05,3.894557747781942e-05,4.5278191701855097e-05,5.0660913792285505e-05,1.7667993685059545e-05,PITA-MONOMER
1.3004318498837577e-05,1.3623571760687005e-05,1.8267971224557565e-05,1.2849505183375242e-05,1.4707264968923467e-05,5.573279356644683e-06,1.253987855245054e-05,9.133985612278733e-06,2.0280544325568095e-05,2.260274405750344e-05,3.0343409830621053e-05,2.8485650045072826e-05,7.740665773117616e-06,1.2663729204820418e-05,APHA-CPLX
4.2999114022396635e-06,4.299911402239404e-06,4.299911402240625e-06,4.299911402239423e-06,4.299911402239403e-06,4.2999114022396635e-06,4.299911402239344e-06,4.299911402239423e-06,4.299911402239423e-06,4.299911402239403e-06,4.299911402239343e-06,4.299911402239383e-06,3.5245175428191863e-07,4.299911402239343e-06,YCHM-MONOMER
8.693233145134506e-05,4.555812022583859e-05,6.717498339422119e-05,7.60076801727001e-05,7.205621056127533e-05,6.554790767186981e-05,5.6482771504483555e-05,7.414816506144137e-05,5.7644968449020257e-05,4.346616572567253e-05,3.9282256725340416e-05,4.718519594818997e-05,5.020690800398538e-05,1.9455176851544337e-05,G7841-MONOMER
3.074880331641125e-06,2.795345756037704e-07,9.783710146130853e-07,8.386037268112158e-07,9.783710146129737e-07,1.3976728780110663e-07,1.3976728780178987e-07,5.590691512074773e-07,6.988364390096008e-07,1.397672878018693e-07,1.3976728780182163e-07,2.7953457560373114e-07,5.311156936471034e-06,3.088857060421109e-06,OROPRIBTRANS-CPLX
0.003014253451629739,0.0011141585614651047,0.0018091863168382596,0.0024730303174076004,0.005381047587417564,0.005095636950230112,0.0020163732979076717,0.004916991032879445,0.004195536366655595,0.0007737799497082127,0.0010808606537932334,0.0017309626607202148,0.002312354699435405,0.0002632120320728761,ASPKINIHOMOSERDEHYDROGI-CPLX
0.004282283116667457,0.001887979586753333,0.0018157824168524932,0.00228529995967168,0.002057855280637662,0.003689369757318404,0.0023704737450775727,0.003698571357403805,0.0018096480167955592,0.0007693953302177729,0.0011181123796081037,0.0014208214285714284,0.004290305024434217,0.00033526855695782134,PSERTRANSAM-CPLX
0.00037391398206575887,0.00032090442188167196,0.00036483050244342174,0.0003316147933766665,0.00034951060397589787,0.0003089738814821844,0.00029487415191915356,0.0004109257721687147,0.00037608317122930204,0.00021691891635431984,0.0002582690847843621,0.000300432699150733,0.00018072057218769273,0.00018573682212838638,RIB5PISOMA-CPLX
0.0001435120503451637,6.988271237011932e-05,7.77017571108317e-05,9.822674955520208e-05,9.88783366169284e-05,0.00012901423822175834,8.51950083206811e-05,0.0001312947929377995,7.265195738245477e-05,4.349343637021405e-05,4.919482316031693e-05,6.059759674052282e-05,7.88420344688523e-05,1.4579260506120406e-05,AROD-CPLX
6.304711714190823e-05,2.5971113595388337e-05,3.7971559187740186e-05,4.5315115445746545e-05,3.922533708544859e-05,5.9285783448783034e-05,5.462889411443754e-05,5.444978298619348e-05,3.313555872515064e-05,2.507555795416805e-06,6.2688894885420115e-06,1.4866223644256771e-05,5.9464894577027084e-05,1.9523112978602277e-06,EG11239-MONOMER
0.0020417466913697393,0.0017580766757721684,0.0017995687079043505,0.0018451252656331546,0.0015777133524220715,0.001865109183149879,0.0016134473066257056,0.002510860687313185,0.001519455152203824,0.0013538257341414812,0.0014017532651349812,0.0014766082782061013,0.0018471575284314656,0.0007587114447027565,PHOSGLYCMUTASE
0.0002851994766688807,0.00022127545603620055,0.000286356472517436,0.00028809196629026897,0.0002802822443125207,0.0003280083230654267,0.00030920714052640316,0.0003572224682414482,0.0002730510202590502,0.00019495380048156755,0.00022416794565758828,0.0002470186136665566,0.00011772432759050146,5.3511057995682485e-05,GLUTATHIONE-REDUCT-NADPH-CPLX
0.0005254155106276984,0.0004013844972303932,0.0005007008437514826,0.00048193600408620764,0.0016073687049864781,0.0006686690427065046,0.0005199233624329837,0.0006888069194204582,0.0006952144256476252,0.0006430390177978364,0.0006357161535382169,0.0006810263761446124,0.00048239368310243385,0.0004013844972303932,PHOSACETYLTRANS-CPLX
0.00647091446779665,0.002113520344747829,0.0035209595910826964,0.004096687255942498,0.0027586753818261605,0.005298678155916401,0.003846370879916499,0.004093381190598757,0.0037098776107249627,0.0012355238484604077,0.0015429879254281926,0.002151303948676282,0.006462885451961855,0.0005289704549983394,CARBPSYN-CPLX
7.032965436257533e-05,4.8884874507757064e-05,5.096017578403042e-05,5.764725767424237e-05,6.24896273188784e-05,5.995314798121088e-05,5.695549058215109e-05,6.364257247236324e-05,4.8423696446363233e-05,3.98919023105755e-05,4.957664159984814e-05,5.211312093751508e-05,0.0001293604462209992,3.943072424918157e-05,AROB-MONOMER
0.00017619997509133253,7.354433742942603e-05,9.061713004697062e-05,9.039824809033541e-05,6.150582981449013e-05,0.00010134234592209516,8.054856004175165e-05,0.00011644520092992279,0.00010331228353181186,0.0001324235837642928,9.718358874602645e-05,7.748421264885894e-05,0.00013154805593775204,4.3776391327038945e-05,ORNCARBAMTRANSFERI-CPLX
2.8609932663499242e-08,2.860993266356333e-08,2.8609932663627422e-08,2.860993266356333e-08,2.860993266356333e-08,2.860993266356333e-08,2.860993266356333e-08,2.860993266356333e-08,2.860993266356333e-08,2.860993266356333e-08,2.860993266356333e-08,2.860993266356333e-08,2.8609932663627422e-08,2.860993266356734e-08,CARBODEHYDRAT-CPLX
1.4978793186886179e-05,1.1858211272951628e-05,1.3418502229918729e-05,1.4042618612706338e-05,1.3106444038525406e-05,1.3106444038525406e-05,1.248232765573848e-05,0.000625364615552498,1.1234094890164632e-05,1.841143329221426e-05,1.497879318688625e-05,1.373056042131233e-05,1.5602909569673547e-06,6.116340551311969e-07,CPLX0-7466
3.976090050766237e-05,1.4245884139108932e-05,2.5302391232148792e-05,5.65582862836267e-05,2.1262513640461165e-05,3.316952127911941e-05,2.74286425961949e-05,2.785389286900412e-05,1.8923637140010434e-05,1.190700763865825e-05,1.2544883047872087e-05,1.4883759548322815e-05,3.997352564406708e-05,2.5515016368553394e-06,CPLX0-303
0.000514245860416568,0.00015242966266546472,0.00021498885040565542,0.0003767557052711486,0.00023529724344071738,0.00035528016321108405,0.00025583906628078,0.00034500925179105184,0.0003368392086160269,0.0001813749584855533,0.00026587654789581077,0.0002542050576457751,0.0003237671395359873,7.819898467523841e-05,HISTPHOSTRANS-CPLX
0.00016261342339991456,0.0002880347950372443,0.00034965958153437387,0.0003515599053470607,0.0004137276415049579,0.0002448702970062153,0.00023699752692508418,0.00020387759761825682,0.0004444042973383308,0.0004202430374341699,0.0004986992634150969,0.0004715517803767139,3.149108032452436e-05,7.981360013284621e-05,GABATRANSAM-CPLX
6.923328974118706e-05,3.7237748529202444e-05,5.4048965098211323e-05,6.399108242396928e-05,4.9891352398348885e-05,7.881387552782661e-05,6.290648780661389e-05,6.453337973264697e-05,5.296437048085589e-05,1.916117157327893e-05,3.217630698154386e-05,3.253783852066234e-05,0.00010086729941405322,4.0853063920387175e-05,THYMIDYLATESYN-CPLX
0.006587273271812875,0.002443284427337856,0.003749451220524742,0.003778745907861649,0.004106362640556056,0.005651455828628362,0.004458167647198368,0.005858131191583241,0.00356293275252645,0.001377387822033496,0.0018466403366228588,0.0024776855280637658,0.005873450431750248,0.001008919782227072,GLYOHMETRANS-CPLX
0.0032631299187287953,0.0013913757142419755,0.0017424249442942836,0.002052900288795991,0.001691813987405554,0.0030931735729608986,0.0016474097000722045,0.002061873359638913,0.004860265595402423,0.002420122326375462,0.002932686831600351,0.00390365821684404,0.002743117410037451,0.0004618010415985135,CPLX-157
0.0011897907130758644,0.0012344198618992265,0.0012409782672818711,0.0011926700129999525,0.001091254671229302,0.0014943566606016037,0.0009997569180860652,0.0015688985364141006,0.001489877749608578,0.0009159372980737297,0.0010135135732789295,0.0011285256091355506,0.0008241196227167054,0.0003746289123452104,TPI
0.004212001281017222,0.012667055985197132,0.010807808974237318,0.0059841913934620666,0.009091069115623664,0.00486964129145514,0.010838861116382785,0.0037135034990748205,0.008723988435261183,0.007631618434786733,0.009099386653698343,0.011234775928737485,0.005337641433790386,0.0009903415334250605,CPLX0-7761
0.00034467556459647956,0.0009274379477629642,0.0007721891220287516,0.0004680636238553874,0.00045474003060207803,0.0003910184976514684,0.0006829789758978981,0.0002925397649096171,0.0005677009299236133,0.0007779819886606253,0.0008411242349480476,0.000751914088817194,0.00010600945936328699,0.00027110615837168476,CPLX0-7760
0.0034034095898431934,0.002762758865089908,0.003280081166300944,0.003528001624282393,0.0035676790064466,0.003135776801869336,0.0035775351714428046,0.0031170753605944865,0.003218164232350429,0.0024006079820242444,0.002533792570562698,0.0028711766800481563,0.0011516549714795747,0.000494071860707169,FABB-CPLX
0.0009114882158276794,0.00043428645561512547,0.000525866483607724,0.0005841820171276746,0.0006909569376571618,0.0007406483429805,0.0005287411930065948,0.0007197040316458699,0.0005500961771124922,0.00026447326469611424,0.0003418850820799924,0.000405744698012051,0.0008309963526592968,0.00010821227522892251,THIOREDOXIN-REDUCT-NADPH-CPLX
0.000701061544179279,0.0007113775416067011,0.0013190835718766636,0.0010865899769627765,0.0013819173743891443,0.000829798371579341,0.0014290640403177763,0.0006168284412181787,0.0011190725804325935,0.0009727729805527876,0.0010565798026284574,0.0012628144949998151,0.000502414651568587,0.0002499881624519618,ABC-12-CPLX
3.3363085353703083e-06,1.9064620202116047e-06,3.7176009394126295e-06,3.8129240404232093e-06,3.050339232338568e-06,1.3345234141481233e-06,2.6690468282962466e-06,1.8111389192010244e-06,4.6708319495184324e-06,2.6690468282962466e-06,3.240985434359728e-06,3.526954737391469e-06,9.532310101058023e-07,5.033059733358636e-06,RIB5PISOMB-CPLX
0.0,0.0,0.0,0.0,0.0,0.0,0.0,0.0,0.0,0.0,0.0,0.0,0.0,0.0,ABC-70-CPLX
6.420126619063433e-06,2.2929023639512264e-06,2.2929023639512264e-06,6.420126619063433e-06,0.0004746307893379039,8.71302898301466e-06,5.0443852006926985e-06,5.0443852006926985e-06,3.668643782321962e-06,2.7514828367414713e-06,3.2100633095317166e-06,2.7514828367414713e-06,6.420126619063433e-06,3.14127623861318e-05,G7942-MONOMER
0.0005987005429971058,0.00018446721228115954,0.00031759566425487495,0.0003583646797931394,0.0005939189917920007,0.00034477500794705124,0.0003118074706908004,0.00037925250874175636,0.0003563513950752004,0.0001351417366916544,0.00018824212112729513,0.0002317794031527257,0.00038076247228021064,9.563102410210182e-05,GARTRANSFORMYL2-MONOMER
0.0004893911728424349,0.00031553859657446504,0.0004659044811880248,0.0005458102908383545,0.0004028478198984675,0.0005795085875598993,0.0005606171181857,0.0006770294159510366,0.00048249833942211887,0.00029945531859372775,0.0003571508872230393,0.00041459116572567246,0.0005955918655406366,9.956314940456421e-05,3-OXOACYL-ACP-SYNTHII-CPLX
0.0013467746201428095,0.00048442125871803383,0.0007269798918548663,0.0008066727569744272,0.0005707261956160744,0.0010415753069993358,0.000855741289646297,0.0009309101056542676,0.0008258129647542346,0.000281187052474261,0.0003852401820408512,0.0005126095647210229,0.0014476957157090666,0.0002509107238043839,GMP-SYN-CPLX
0.0010327555419117995,0.0005533359124223087,0.0009417993682094225,0.0008057105108471318,0.00085613937677326,0.0009864715142809696,0.001019399951849172,0.0009192330263794654,0.0007836047066055415,0.0002652696508990843,0.0003341200203598709,0.0005268550010912368,0.0009406480242385063,0.0001427666523936044,DIHYDROOROT-CPLX
0.00015750630260473483,0.00010075770828391136,0.0001104860387389097,0.00012762643049295442,0.00013874452244152393,0.00016329697549461507,0.00011650833854438486,0.00016399185624140059,0.0001452300760781895,9.589354305641231e-05,0.00010816976958295775,0.0001308692073112872,0.00011998274227831285,3.3354275845708586e-05,GLUTKIN-CPLX
4.66580903354368e-05,2.066286857712198e-05,3.099430286568244e-05,3.332720738245481e-05,4.999081107368221e-05,5.598970840252407e-05,3.566011189922665e-05,7.665257697964605e-05,4.765790655691037e-05,1.9663052355648108e-05,2.6328493832139528e-05,3.266066323480571e-05,6.198860573136619e-05,6.832077513403235e-06,THREDEHYDSYN-CPLX
0.0006507777731650614,0.0003891208900697442,0.00042930185154433736,0.0004389145217535702,0.00043872226834938547,0.0004406448023912322,0.0004162286200597808,0.0003668194951843241,0.00032836881434739285,0.00023685619395549652,0.0002597343490534706,0.000277421662238459,0.0005558045914978412,0.0002380097143806044,MALONYL-COA-ACP-TRANSACYL-MONOMER
0.0018050327667599743,0.0020293374828011584,0.002218239265550125,0.002248473887412819,0.002123659166389903,0.0023699292060065467,0.0025634824690420836,0.0025800210656165487,0.002047168157233003,0.0008044476740048394,0.0011210067490629596,0.001726991264174218,0.0019479365777862118,0.0004139817455045785,ASPAMINOTRANS-DIMER
0.00024986193481045684,0.00018157339754234467,0.00019639571570906673,0.0002514500403283204,0.00021121803387578938,0.00028241809792664985,0.0002170410874412867,0.00027421288608435733,0.0002464210395217535,0.00020036597950372442,0.000213070823646629,0.0002265697205484651,0.00013710644304217867,6.325953646154576e-05,GLUTSEMIALDEHYDROG-CPLX
8.037723710679212e-07,8.037723710679816e-07,8.037723710679888e-07,8.037723710676799e-07,8.037723710679816e-07,8.037723710679888e-07,8.037723710680419e-07,8.037723710679816e-07,8.037723710679816e-07,8.037723710679891e-07,8.037723710679816e-07,8.037723710679816e-07,8.037723710679212e-07,8.037723710679891e-07,G6646-MONOMER
8.593367177493081e-08,8.593367177492027e-08,8.593367177490975e-08,8.593367177490975e-08,8.593367177490975e-08,8.593367177490975e-08,8.593367177490975e-08,8.593367177490975e-08,8.593367177490975e-08,8.593367177490975e-08,8.593367177490975e-08,8.593367177490975e-08,8.593367177490975e-08,8.593367177492027e-08,EG11234-MONOMER
1.0527115398301464e-06,1.0527115398301464e-06,1.0527115398301464e-06,1.0527115398301464e-06,1.0527115398301464e-06,1.0527115398301464e-06,1.0527115398301464e-06,1.0527115398301464e-06,1.0527115398301464e-06,1.0527115398301464e-06,1.0527115398301464e-06,1.0527115398301464e-06,2.4563269262703417e-06,1.0527115398301464e-06,LCTP-MONOMER
0.0001198764261754519,6.724775126915594e-05,9.242504944963704e-05,9.388695708592302e-05,8.41409061773497e-05,7.471972363239549e-05,7.065886908715661e-05,9.274991781325614e-05,7.618163126868149e-05,3.89842036342933e-05,5.116676727000996e-05,5.977577890591639e-05,0.00010558221817621102,2.2740785453337752e-05,GPH-MONOMER
,,,,,,,,,,,,,,CPLX0-2381
,,,,,,,,,,,,,,CYSSYNMULTI-CPLX
,,,,,,,,,,,,,,CPLX0-8306
,,,,,,,,,,,,,,CPLX0-8307
,,,,,,,,,,,,,,CPLX-168
,,,,,,,,,,,,,,CPLX0-7
,,,,,,,,,,,,,,CPLX0-7921
,,,,,,,,,,,,,,CPLX0-8240
,,,,,,,,,,,,,,RIBULOKIN-CPLX
,,,,,,,,,,,,,,PITB-MONOMER
,,,,,,,,,,,,,,EG11512-MONOMER
,,,,,,,,,,,,,,CPLX0-7653
,,,,,,,,,,,,,,CPLX0-8255
